"item_id","item_type","milestone","epic_id","title","user_value","scope","dependencies","owner_type","estimate_person_days","acceptance_criteria","definition_of_done","master_spec_sections","api_operation_ids","critical_path","parallel_track","scope_exclusions","requirement_ids","delivery_status","target_release","evidence_refs","test_refs"
"EP-M0","EPIC","M0","EP-M0","工程骨架与统一业务边界","团队获得可复现、可审计且客户端不直连数据库的开发基础。","TypeScript 模块化单体、Sapphire Bot、React Dashboard、统一 API、PostgreSQL、PaymentProvider、Outbox、配置和可观测性骨架。","none","tech_lead","16-26 (aggregate; do not sum with children)","一条命令启动全部组件；Bot Piece 加载；API 健康检查通过；业务访问均经 API。","全部 M0 Story 验收通过；架构边界、配置和启动方式经评审。","§1.2;§4;§9;§10.1;§11;§14;§16(M0);最新基线:P0产品边界","getHealth;getReadiness;handlePaymentWebhook;retryJob","yes","foundation","不引入微服务、Kubernetes、Redis、事件总线或自建钱包。","ARCH-01;ARCH-02;OPS-01","PLANNED","P0","ARCH:unified-api-boundary;RUN:local-smoke","AT-AUD-004;AT-CHN-001"
"M0-US-01","USER_STORY","M0","EP-M0","可复现的本地工程与运行骨架","开发人员无需手工拼装环境即可启动 API、Bot、Dashboard 和数据库。","建立 TypeScript workspace、API/Bot/Dashboard 进程、Docker Compose、环境变量校验、Sapphire Piece 发现和健康/就绪检查。","none","platform_fullstack","2-4","一条命令启动四个组件；缺少关键配置时明确失败；Piece 清单可验证；健康与就绪检查区分存活和依赖可用。","smoke/config 测试和启动文档通过；无密钥入库；代码经评审。","§4.1-4.5;§14.1-14.2;§16(M0)","getHealth;getReadiness","yes","platform","不提供 Kubernetes、自动扩缩容或多 Server 部署。","ARCH-01","PLANNED","P0","RUN:compose-smoke;BOT:piece-discovery","AT-CHN-001;AT-CHN-002"
"M0-US-02","USER_STORY","M0","EP-M0","P0 数据库基线与不可变记录约束","业务状态可事务化保存，关键财务与审计记录无法被误删或覆盖。","实现 P0 表、枚举、外键、唯一约束、活跃订单约束、minor units/currency、迁移和种子；预留、收益与返佣调整记录只追加。","M0-US-01","backend_data","4-6","空库可迁移并载入 L1-L4、阈值和测试目录；活跃订单、幂等键、推荐来源唯一约束生效；财务/审计无硬删除仓储方法。","空库及前一版本迁移通过；约束集成测试通过；ERD/Schema 与迁移一致。","§5;§8;§9;§14.2;§18;最新基线:资金预留/返佣","none","yes","api_data","不建本地余额账本，不提供财务、审计或订单事件硬删除。","ARCH-02;FUND-01;FUND-05;REF-07;NAME-04","PLANNED","P0","DB:p0-schema;DB:immutable-record-constraints","AT-AUD-003;AT-REC-001;AT-AUD-001"
"M0-US-03","USER_STORY","M0","EP-M0","统一鉴权、Actor Context、幂等与审计中间件","每次 Bot 或 Dashboard 操作可追溯到真实操作者，并由 API 做唯一授权判断。","实现 Bot 服务 Token、可信 Actor Header、request_id、Idempotency-Key、权限策略入口、拒绝审计和只追加 audit_logs。","M0-US-01;M0-US-02","backend_security","4-6","无有效服务身份的伪造 Actor Header 返回 401；客户端自报 level/role 无效；重复写返回首次结果；成功及高风险拒绝均可审计。","鉴权、幂等、越权和审计集成测试通过；日志脱敏；所有写端点接入中间件。","§5.4;§10.1;§10.6;§11.3;§12.1;§17.4-17.5","none","yes","api_data","不在 Bot Precondition 或 React 前端复制最终 RBAC。","ARCH-01;ACCESS-01;ACCESS-02","PLANNED","P0","API:actor-context;DB:audit-log","AT-AUTH-001;AT-RBAC-001;AT-AUD-001"
"M0-US-04","USER_STORY","M0","EP-M0","第三方资金适配契约与可控 Mock","外部 Provider 未稳定时仍可开发完整业务链，并可替换为真实实现。","实现 adapter-contract.yaml 的 11 个标准操作：discoverCapabilities、resolveUser、getProviderBalance、createHold、getHold、captureHold、releaseHold、createReservationDebit、createRefund、getTransaction、verifyWebhook；提供可编程 Mock、稳定幂等键和外部交易镜像。","M0-US-02;M0-US-03","integration_backend","3-5","Mock 覆盖原生 Hold 与本地预留两种模式，以及成功、余额不足、超时、UNKNOWN、退款失败、重复 Webhook；UNKNOWN 可通过 getHold/getTransaction 对账恢复；业务模块不引用供应商字段。","11 操作契约测试及全部结果分支通过；能力探测、UNKNOWN 恢复、验签与重放测试通过；凭证仅由 Secret 注入。","§1.2;§4.3;§10.7;§11.3;§12;§15.1;§16(M0)","handlePaymentWebhook","yes","payment_integration","不保留任何旧接口别名；不实现充值页或本地余额。","ARCH-02;FUND-06","PLANNED","P0","ADAPTER:PaymentProvider-v1;MOCK:provider-scenarios","AT-WHK-001;AT-REC-001;AT-REC-003"
"M0-US-05","USER_STORY","M0","EP-M0","Outbox/Job 运行器与结构化可观测性","Discord 展示或外部依赖失败可安全重试，不会重复执行业务交易。","实现数据库 Outbox 领取、锁、退避、失败状态、授权手工重试、结构化日志和核心指标钩子。","M0-US-02;M0-US-03","backend_platform","3-5","同一 Job 不被两个 Worker 同时执行；重试保留 attempts/last_error/run_after；播报失败不回滚业务事务；日志含 request_id 和关联 ID。","并发领取、退避、失败和恢复测试通过；失败 Job 可受权重试并留审计。","§4.2-4.3;§9;§11.1-11.3;§12.1;§17.5","retryJob","yes","platform","不引入 Redis/BullMQ，不承诺无限重试或复杂 SLA。","ARCH-01;GIFT-04","PLANNED","P0","DB:outbox-jobs;OBS:structured-events","AT-CHN-003;AT-AUD-003"
"EP-M1","EPIC","M1","EP-M1","目录、账户与即时订单入口","用户无需学习命令即可绑定账户、结构化确认需求并安全提交即时单。","目录、绑定、个人中心、订单草稿、私密频道、常驻面板、完整确认、资金预留与并发控制。","EP-M0","product_tech_lead","28-46 (aggregate; do not sum with children)","已绑定用户在一个确认面板看到完整需求、价格、可用余额、预留金额和取消规则；提交只预留一次。","全部 M1 Story 验收通过并完成 Discord 演示。","§2.1;§3.1-3.2;§6.1-6.2;§7.1-7.2;§16(M1);§17.1-17.2;最新基线:PL-01/PL-02","listServices;createBinding;getCurrentUser;getCurrentBalance;createOrder;getOrder;updateOrder;estimateOrder;submitOrder","yes","api_bot","不做预约、用户选陪玩、指定陪玩、加时、优惠券或复杂动态计价。","PL-01;PL-02;FUND-01;FUND-02;FUND-05;FUND-06","PLANNED","P0","FLOW:order-entry;DB:FundReservation","AT-PL-001;AT-RES-001"
"M1-US-01","USER_STORY","M1","EP-M1","版本化服务目录与双价格快照","运营可维护可售服务，用户只看到客户价，订单始终使用提交时价格。","实现启用服务查询、后台版本 API、计价单位、最低数量、客户单价、陪玩结算单价、币种和上下架约束。","M0-US-02;M0-US-03","backend_api","3-5","缺任一价格不能上架；用户列表不返回陪玩结算价；已提交订单在改价或下架后仍保留双价格快照。","单元、数据库集成和 API 契约测试通过；OpenAPI operationId 一致。","§2.1;§4.3;§6.2;§9;§10.2;§10.4;§15.1;§18","listServices;createServiceCatalogVersion;updateServiceCatalogVersion;estimateService","yes","api_data","不做阶梯价、活动价、优惠券或动态定价。","ARCH-01","PLANNED","P0","API:listServices;DB:service-catalog-version","AT-CAT-001;AT-CAT-002"
"M1-US-02","USER_STORY","M1","EP-M1","一次性绑定与实时账户摘要","用户只绑定一次即可私密查看第三方账户和实时余额。","实现绑定码验证、Discord/第三方账号唯一映射、个人摘要和余额查询；保存映射而非第三方密码。","M0-US-03;M0-US-04","backend_api","3-5","有效绑定码创建唯一映射；冲突账号拒绝；余额严格返回 providerBalanceMinor/reservedMinor/availableMinor/currency/fetchedAt；他人不可读取。","Provider 契约、归属和隐私测试通过；绑定码及敏感响应不入日志。","§2.1;§3.1;§6.1;§9;§10.2;§12;§17.1","createBinding;getCurrentUser;getCurrentBalance","yes","api_data","不保存第三方密码，不提供自助解绑或多账号切换。","ARCH-02;NAME-02","PLANNED","P0","API:getCurrentBalance;DB:user-provider-mapping","AT-ACC-001;AT-ACC-002;AT-RES-002"
"M1-US-03","USER_STORY","M1","EP-M1","即时订单草稿与服务端估价","用户可逐步填写订单，服务端保证输入完整、仅即时单且金额可复算。","实现创建/读取/更新草稿、单活跃订单限制、字段校验、目录版本引用、数量和金额计算、订单版本并发控制。","M1-US-01;M1-US-02","backend_api","4-6","已有活跃订单返回其 ID；未来时间字段被拒绝；不完整草稿不可提交；金额为 integer minor units；陈旧 expected_version 返回 409。","状态机、计价、约束和 API 测试通过；订单事件只追加。","§2.1;§6.2;§8.1;§9;§10.3;§12;§17.2","createOrder;getOrder;updateOrder;estimateOrder","yes","api_data","不支持预约、多人订单、多个活跃订单或客户端自报价格。","PL-01","PLANNED","P0","API:estimateOrder;DB:order-draft-version","AT-ORD-001;AT-ORD-002"
"M1-US-04","USER_STORY","M1","EP-M1","Sapphire 公共入口、私密频道与常驻面板","用户通过消息组件完成结构化选择，通过少量 Modal 填写自由文本，不需要大型斜杠菜单。","实现固定公共入口、绑定 Modal、消息组件完成结构化选择、补充备注 Modal、订单频道创建/补偿、权限覆盖、面板渲染和更新、custom_id 路由及重复交互处理。","M1-US-02;M1-US-03","discord_bot","4-6","成员不能查看他人订单频道；结构化选项逐次提交并更新原消息；Modal 不超过 5 个顶层组件且无双栏/自定义按钮；面板显示最新需求、金额、状态和动作；创建频道失败不留下可提交订单；面板可重建。","InteractionHandler、组件约束、权限渲染和 API 错误映射测试通过；测试 Server E2E 留证。","§1.1;§3.2;§4.4;§5.5;§7.1-7.5;§11.2;§12;§17.1","createBinding;createOrder;getOrder;updateOrder","yes","discord_bot","不把价格、状态机、资金或最终权限规则写入 Sapphire Piece；不在打开的 Modal 内实现级联选择。","ARCH-01;PL-01","PLANNED","P0","BOT:public-entry;BOT:private-order-panel","AT-CHN-001;AT-ORD-003;AT-UI-001;AT-UI-002;AT-UI-003"
"M1-US-05","USER_STORY","M1","EP-M1","订单提交与资金预留","用户确认订单后金额只被预留一次，失败时不会进入派单。","提交时原子复核价格和 Provider 余额，创建订单 FundReservation，写外部交易镜像并迁移到 PENDING_DISPATCH；UNKNOWN 锁定并对账。","M0-US-04;M1-US-03;M0-US-05","backend_api","4-7","余额不足保持 DRAFT；预留成功才进入 PENDING_DISPATCH；重复提交只产生一条有效预留；UNKNOWN 禁止重试扣款并经 getTransaction/Webhook 收敛。","Provider Mock 全分支、数据库事务和 API 集成测试通过；审计可追溯 reservation 与 external_ref。","§6.2;§8;§9;§10.3;§11.3;§12;§15.1;§17.2;§18;最新基线:资金预留","submitOrder;handlePaymentWebhook","yes","payment_integration","不直接在提交时完成消费；不建可手工编辑 pending 字段。","PL-02;FUND-01;FUND-02;FUND-05;FUND-06","PLANNED","P0","API:submitOrder;DB:FundReservation","AT-RES-001;AT-REC-002;AT-ORD-004"
"M1-US-06","USER_STORY","M1","EP-M1","私密个人服务中心","用户可在 Discord 私密查看余额、预留金额、当前订单、消费和本人返佣摘要。","实现服务中心 API 聚合与 Sapphire ephemeral 视图；消费和返佣在 M3 前可返回结构稳定空列表。","M1-US-02;M1-US-03;M1-US-04","fullstack_bot_api","2-4","个人数据仅私密显示；余额字段严格为 providerBalanceMinor/reservedMinor/availableMinor/currency/fetchedAt；活跃订单可跳转；失败不伪造余额。","API 契约、归属、空/错/加载状态和 Discord 手工验收通过。","§3.1;§6.1;§10.2;§12;§17.1","getCurrentUser;getCurrentBalance;listCurrentUserConsumptions;listCurrentUserCommissions","no","discord_bot","不做公开主页、完整 BI 或余额缓存账本。","NAME-02;REF-05","PLANNED","P0","BOT:service-center;API:getCurrentBalance","AT-ACC-004"
"M1-US-07","USER_STORY","M1","EP-M1","结构化需求与一次完整确认","用户提交前一次看全需求、价格、余额和取消规则，减少误单。","确认面板固定展示 game、service、region、duration、tags、notes、price、available balance、cancellation rule；数据来自 estimateOrder/getCurrentBalance。","M1-US-03;M1-US-06","fullstack_bot_api","3-5","缺任一必填项不可确认；确认页一次完整显示全部字段和币种；陈旧版本要求刷新；Bot 不自行计算价格或可用余额。","API schema、Bot 渲染、缺失/陈旧/余额失败分支和 E2E 通过。","最新基线:启动前最优先六项(1);§3.2;§6.2;§7.2","estimateOrder;getCurrentBalance","yes","api_bot","不增加预约字段、陪玩试音或用户选陪玩。","PL-01;ARCH-01","PLANNED","P0","API:estimateOrder;UI:order-confirmation-panel","AT-PL-001;AT-ORD-002"
"M1-US-08","USER_STORY","M1","EP-M1","资金预留模型与并发控制","多个订单或礼物请求并发时，用户只能使用真实可用余额。","统一 availableMinor=providerBalanceMinor-reservedMinor；预留绑定 source/idempotency/version/lifecycle；API 原子创建、捕获和释放并优先使用 Provider hold 能力。","M0-US-02;M0-US-04;M1-US-05","backend_payment_data","5-8","并发请求不能超额预留；reservedMinor 为有效 FundReservation 合计；取消释放、完成捕获、争议保留；Provider 无 hold 时本地 fallback 仍原子重读余额。","数据库并发、Provider capability、幂等、版本冲突及恢复测试通过；统一资金服务被订单和礼物复用。","最新基线:资金预留;§8;§9;§10.3;§12","getCurrentBalance;submitOrder;cancelOrder","yes","payment_data","不提供手工编辑预留金额或客户端余额计算。","PL-02;FUND-01;FUND-02;FUND-05;FUND-06;NAME-02","PLANNED","P0","DB:FundReservation;API:fund-reservation-service","AT-RES-001;AT-RES-002;AT-RES-003"
"EP-M2","EPIC","M2","EP-M2","陪玩准入、透明派单与订单闭环","合格陪玩唯一接单；双方明确准备后开始；自动流程可由客服暂停和接管。","陪玩准入/工作台、在线筛选、透明派单、并发接单、双方准备、取消预览、客服暂停/恢复、退款、结案和转派。","EP-M1","product_tech_lead","40-66 (aggregate; do not sum with children)","正常单及异常单均可闭环；匹配过程透明；双方 READY 才开始；取消先预览；客服可暂停自动化且争议不自动裁决。","全部 M2 Story 验收通过；并发和异常 E2E 有可重复证据。","§3.3-3.4;§5;§6.3-6.5;§8;§11-12;§16(M2);§17.2;最新基线:PL-03至PL-06","dispatchOrder;acceptOrder;setOrderReadiness;requestOrderCompletion;confirmOrder;previewOrderCancellation;cancelOrder;createOrderStaffTask;refundOrder;resolveOrder;reassignOrder","yes","api_bot","不做预约、排班、陪玩试音、用户选陪玩、指定陪玩、候补扩圈或自动争议裁决。","PL-03;PL-04;PL-05;PL-06;OPS-01;DISP-01;NAME-03","PLANNED","P0","FLOW:dispatch-service-lifecycle;UI:player-workbench","AT-DSP-001;AT-RDY-001;AT-CXL-001"
"M2-US-01","USER_STORY","M2","EP-M2","陪玩准入、标签、Presence 与可接单状态","用户只匹配到已审核、能力匹配且实际可接单的陪玩。","实现 player_profile 审核、游戏/服务标签、本人 AVAILABLE/BUSY、Discord Presence 同步和单活跃订单检查。","M0-US-03;M1-US-03","backend_bot","3-5","只有 ACTIVE+AVAILABLE+在线+标签匹配+无活跃订单进入候选；PENDING_REVIEW/PAUSED/SUSPENDED 不能接单；Presence 不覆盖业务开关。","候选筛选、Role/Presence Listener 和权限测试通过。","§2.1;§3.3;§5.1;§6.3;§8.2;§10.3-10.4;§11.1;§15.2","approvePlayer;setPlayerAvailability;syncDiscordPresence;setPlayerOperationalStatus;updatePlayerOperationalTags","yes","api_bot","不做排班、自动技能评分或跨 Server Presence。","PL-04;DISP-01","PLANNED","P0","DB:player-profile;BOT:presence-sync","AT-DSP-001;AT-ROL-001"
"M2-US-02","USER_STORY","M2","EP-M2","自动派单候选与集中派单卡片","符合条件的陪玩在集中频道收到清晰即时单。","消费 OrderSubmitted，生成候选快照和 dispatch_attempt，经 Outbox 发布卡片并设置超时。","M0-US-05;M1-US-05;M2-US-01","backend_bot","4-7","卡片仅 @ 候选；发布失败可重试；超时 attempt 标记并通知运营；事件重放不产生重复有效派单轮次。","候选、Outbox、超时 Job、Discord 渲染和重放测试通过。","§3.3;§6.3;§9;§11.1-11.3;§12;§17.2;§18","dispatchOrder;getOrder;acceptOrder;declineOrderOffer","yes","api_bot","不自动扩圈、候补或实现复杂排序算法。","PL-03;DISP-01","PLANNED","P0","API:dispatchOrder;BOT:dispatch-card;DB:dispatch-attempt","AT-DSP-001;AT-DSP-002"
"M2-US-03","USER_STORY","M2","EP-M2","并发唯一接单与订单频道入场","第一位合格陪玩唯一获得订单，并立即进入用户频道。","实现条件更新接单、活跃订单约束、订单/attempt 原子写、OrderAccepted Outbox、频道权限添加和按钮失效。","M2-US-02","backend_bot","3-5","并发点击只有一人成功；失败者看到已接取；胜者加入频道；其他陪玩不能访问；展示失败可重试且不回滚接单。","数据库并发、API 集成和 Discord E2E 通过。","§1.1;§6.3;§8.1;§9;§10.3;§11.1-11.3;§17.2","acceptOrder;getOrder","yes","api_bot","不支持一单多陪玩或绕过活跃订单约束。","DISP-01;PL-03","PLANNED","P0","API:acceptOrder;BOT:order-channel-permission","AT-DSP-003;AT-DSP-004"
"M2-US-04","USER_STORY","M2","EP-M2","双方准备、申请完成与用户确认","用户和陪玩按合法顺序完成服务，单方不能开始计费。","实现双方 READY、ACCEPTED→IN_SERVICE、申请完成、用户确认、Actor 归属、时间戳、面板动作和确认超时任务；旧 start 调用必须拒绝并审计。","M2-US-03;M0-US-05","fullstack_bot_api","3-5","仅双方 READY 后进入 IN_SERVICE；非订单双方不能操作；非法迁移返回 409；确认超时只建任务，不自动完成或结算。","状态机、readiness、超时 Job 和双方 Discord E2E 通过。","§3.3;§6.4;§8.1;§10.3;§11.1;§12;§17.2;最新基线:PL-05","setOrderReadiness;requestOrderCompletion;confirmOrder","yes","api_bot","不做单方开始、自动确认、评价、加时或按分钟自动计时。","PL-05;NAME-03","PLANNED","P0","API:setOrderReadiness;BOT:readiness-panel","AT-RDY-001;AT-SVC-001;AT-SVC-002"
"M2-US-05","USER_STORY","M2","EP-M2","默认自动取消与异常客服任务","简单取消自动完成，接单后或异常场景保留客服判断空间。","实现 DRAFT 取消、待派单释放预留、已接单 CANCELLATION_ASSIST，以及迟到、缺席、中断、完成超时任务和风险事件。","M1-US-05;M2-US-03;M2-US-04;M0-US-05","backend_api","4-7","释放或退款确认前不显示 CANCELLED；失败进入 EXCEPTION 并建任务；超时规则只开任务不自动扣罚；重复触发不重复建活动任务。","取消、预留释放、退款、超时、风险和幂等集成测试通过；Bot 显示客服接管状态。","§3.4;§6.4-6.5;§8;§10.3-10.4;§11.1;§12;§17.2;§18","cancelOrder;createOrderStaffTask;handlePaymentWebhook","yes","api_data","不自动裁决爽约、争议或服务中断，不自动扣罚陪玩。","OPS-01;FUND-02;PL-06","PLANNED","P0","API:cancelOrder;DB:staff-task","AT-CAN-001;AT-CAN-004;AT-SUP-001"
"M2-US-06","USER_STORY","M2","EP-M2","人工退款、结案与转派的原子用例","客服可在权限内处理复杂订单，资金、收益、状态和审计不会半完成。","实现 refundOrder/resolveOrder/reassignOrder、reason/evidence、金额等级路由、Provider 退款、resolution、Adjustment、风险和不可篡改审计事务。","M0-US-03;M0-US-04;M2-US-05","backend_security","5-8","L1 仅建议；退款≤50000 由 L2、50001–499999 由 L3、≥500000 由 L4 直接执行；同一人可发起并执行；UNKNOWN 经 getTransaction 恢复；无部分写入。","等级边界、同人发起并执行、原因、step-up/MFA、Provider 失败、Adjustment 和事务回滚测试通过。","§5.2-5.4;§6.5;§9;§10.4-10.6;§12;§15;§17.2-17.4","refundOrder;resolveOrder;reassignOrder","yes","api_data","不硬删除、强制改状态或自动争议裁决。","OPS-01;ACCESS-01;REF-07;NAME-04","PLANNED","P0","API:resolveOrder;API:refundOrder;DB:order-resolution","AT-CAN-006;AT-CAN-009;AT-RBAC-004"
"M2-US-07","USER_STORY","M2","EP-M2","用户侧匹配进度透明","等待派单的用户能看到当前阶段、已通知人数和下一步。","提供匹配进度读模型：stage、notifiedCandidateCount、timeoutAt、nextStep；接单后显示陪玩摘要和用户下一动作。","M2-US-02;M2-US-03","fullstack_bot_api","3-5","派单阶段和候选通知数来自 API；超时文案说明自动重试或客服接管；接单后不泄露陪玩敏感信息；陈旧面板可刷新。","读模型、隐私、超时和 Bot 状态渲染测试通过。","最新基线:启动前最优先六项(3);§3.3;§7.2","getOrder;acceptOrder","yes","api_bot","不展示候选名单、排序分或复杂推荐理由。","PL-03;ARCH-01","PLANNED","P0","OPENAPI:getOrder;BOT:matching-status","AT-MAT-001;AT-DSP-004"
"M2-US-08","USER_STORY","M2","EP-M2","完整陪玩工作台","陪玩可在一个私密面板看清资格、状态、订单、倒计时、收益和下一动作。","聚合 qualification、presence、availability、currentOrder、matchedOrders、requirements、countdown、earningsSummary 和 allowedActions；Bot 仅渲染。","M2-US-01;M2-US-02;M2-US-03","fullstack_bot_api","4-7","未准入时说明原因；可接单开关和 Presence 分开展示；匹配与当前订单不混淆；收益仅显示本人；所有动作由 API capabilities 返回。","工作台聚合、权限、加载/空/错/陈旧状态和 Discord E2E 通过。","最新基线:启动前最优先六项(4);§3.3;§7.4","getPlayerWorkbench;setPlayerAvailability;acceptOrder","yes","api_bot","不做陪玩公开档案、试音材料、排班或用户挑选。","PL-04;ARCH-01;REF-05","PLANNED","P0","OPENAPI:getPlayerWorkbench;BOT:player-workbench","AT-WRK-001;AT-EAR-001"
"M2-US-09","USER_STORY","M2","EP-M2","双向准备与超时转客服","服务只有用户和陪玩都确认 READY 后才开始，超时自动进入客服队列。","为双方保存 readiness 与版本；第二个 READY 原子迁移 IN_SERVICE；超时 Job 创建唯一客服任务；不提供任何兼容 start 权限。","M2-US-03;M0-US-05","backend_bot","4-6","任何单方 READY 不开始；并发 READY 仅迁移一次；超时创建一次任务且不计费；客服可查看双方状态和原因。","并发状态机、超时、Actor 归属、旧调用拒绝和双方 E2E 通过。","最新基线:启动前最优先六项(5);§6.4;§8.1","setOrderReadiness;createOrderStaffTask;listCurrentUserStaffTasks","yes","api_bot","不允许陪玩单方 start 或自动开始计费。","PL-05;NAME-03;OPS-01","PLANNED","P0","API:setOrderReadiness;JOB:readiness-timeout","AT-RDY-001;AT-RDY-002"
"M2-US-10","USER_STORY","M2","EP-M2","取消影响预览与原子执行","用户取消前能看清是否自动处理、释放或退款金额、方式和时间。","实现 previewOrderCancellation；cancelOrder 使用相同规则在事务内重验状态、版本、预留和 Provider 交易。","M1-US-08;M2-US-05","backend_api","3-5","预览返回 autoProcessable、releaseAmountMinor、refundAmountMinor、refundMethod、estimatedTiming 和需客服原因；执行时数据变化返回 409 并要求刷新；金额由 API 计算。","预览/执行一致性、并发变化、预留释放、退款 UNKNOWN 和 Bot 面板测试通过。","最新基线:启动前最优先六项(6);§3.4;§6.5;§10.3","previewOrderCancellation;cancelOrder","yes","api_data","不由 Bot 估算退款，不自动裁决已接单争议。","PL-06;FUND-02;ARCH-01","PLANNED","P0","API:previewOrderCancellation;UI:cancellation-preview","AT-CXL-001;AT-CAN-003;AT-CAN-008"
"M2-US-11","USER_STORY","M2","EP-M2","客服暂停、接管与恢复自动化","异常时客服可阻止自动动作，处理后恢复或转派且全程可审计。","实现订单 automationState、pause/resume、接管人、原因、范围、到期提示；暂停时派单/超时/自动取消 Job 安全跳过；支持重派和审批。","M2-US-05;M2-US-06","backend_ops","4-6","L1 可请求/在 scope 内接管但不能执行资金动作；L2+ 可按权限暂停恢复；重复 pause/resume 幂等；Worker 尊重最新版本；所有操作留审计。","权限、并发 Worker、超时、恢复、转派和 Dashboard/Bot 状态测试通过。","最新基线:P0产品边界(3);§3.4;§5;§6.5","pauseOrderAutomation;resumeOrderAutomation;createOrderStaffTask;reassignOrder;getStaffTask;resolveStaffTask","yes","api_dashboard","不提供绕过状态机的任意改状态功能。","OPS-01;OPS-02;ACCESS-02","PLANNED","P0","OPENAPI:pauseOrderAutomation;OPENAPI:resumeOrderAutomation","AT-SUP-005;AT-SUP-002"
"EP-M3","EPIC","M3","EP-M3","礼物、消费、收益与保密一级返佣","送礼先预留再核对批准；订单/礼物消费、陪玩收益和两种一级返佣可追溯。","礼物请求/预留/审批/捕获/播报、收益、PROMOTER_FIRST_PURCHASE、PLAYER_LIFETIME、保密查询和 Adjustment。","EP-M2","product_tech_lead","29-47 (aggregate; do not sum with children)","礼物完整走请求→预留→核对→批准→捕获→记账→播报；两种返佣互斥且来源用户不可见受益人信息；冲正只新增 Adjustment。","全部 M3 Story 验收通过；并发、支付重试、保密和返佣重放测试留证。","§3.5-3.6;§6.6-6.7;§8.2;§9-12;§16(M3);§17.3;最新基线:资金预留/返佣/礼物","createOrderGiftRequest;approveGiftRequest;rejectGiftRequest;listPlayerEarnings;updatePlayerEarning;listCurrentUserCommissions;listCommissions;updateCommission","yes","gift_finance","不做礼物动画、多级返佣、自动发放、自动提现或税务。","FUND-03;FUND-04;GIFT-01;GIFT-02;GIFT-03;GIFT-04;REF-01;REF-02;REF-03;REF-04;REF-05;REF-06;REF-07","PLANNED","P0","FLOW:gift-reservation-capture;MODEL:referral-programs","AT-RES-008;AT-RFP-005"
"M3-US-01","USER_STORY","M3","EP-M3","礼物目录与订单内送礼请求","用户可从关联订单选择礼物，确认后立即预留金额并进入客服核对。","实现礼物查询、状态/时间窗口校验、快照、目标从 order.player_id 推导、Gift FundReservation、GIFT_REVIEW 任务和 Bot 面板。","M2-US-03;M0-US-05","fullstack_bot_api","3-5","仅 ACCEPTED/IN_SERVICE/PENDING_CONFIRMATION 或 completed_at 后 24 小时内 COMPLETED 可请求；目标不可伪造；提交后预留且建任务。","四个状态、COMPLETED 24 小时边界、目标防伪、预留、任务、Bot 和隐私测试通过。","§3.5;§6.6;§7.3;§9;§10.4;§17.3;最新基线:礼物与客服","listGifts;createOrderGiftRequest;getCurrentBalance","yes","gift_flow","不做脱离订单送礼、匿名礼物或动画。","GIFT-01;FUND-03","PLANNED","P0","API:createOrderGiftRequest;DB:gift-reservation","AT-GFT-001;AT-GFT-003;AT-RES-008"
"M3-US-02","USER_STORY","M3","EP-M3","客服认领、核对与分级送礼执行","客服确认真实意愿，L1 不越权，高金额由正确等级执行。","实现唯一认领、内部备注、VERIFIED/待执行、拒绝、L2/L3/L4 金额策略、payload_hash 和执行凭据过期；展示预留状态和语音链接。","M3-US-01;M0-US-03;M2-US-06","backend_security","5-8","仅一人认领；L1 只能 claim/contact/verify/submit；礼物≤200000 由 L2、200001–499999 由 L3、≥500000 由 L4 直接执行；同一人可发起并执行；数据变化使执行凭据失效。","权限矩阵、等级边界、同人发起并执行、原因、step-up/MFA、并发认领、陈旧凭据、客服卡片和不可篡改审计测试通过。","§3.5;§5.2-5.6;§6.6;§8.2;§10.4-10.6;§15.2;§17.3-17.4","claimStaffTask;verifyStaffTask;approveGiftRequest;rejectGiftRequest","yes","api_data","L1 不执行资金动作；任何级别不绕过核对。","GIFT-02;GIFT-03;ACCESS-01;REF-06","PLANNED","P0","UI:support-gift-card;API:approveGiftRequest","AT-GFT-004;AT-GFT-005;AT-RBAC-003"
"M3-US-03","USER_STORY","M3","EP-M3","礼物捕获、消费记账与播报恢复","用户只支付一次，播报失败不影响送礼成功。","批准时捕获现有 Gift FundReservation，原子写 external_transaction/consumption；成功后 Outbox 播报，补发仅重试消息。","M3-US-02;M0-US-04;M0-US-05","integration_backend","4-6","重复批准最多捕获一次并产生一条原始消费；批准不新建第二预留；余额或预留失效不扣；播报失败不重扣且可补发。","Provider、数据库幂等、reservation capture、Outbox 和 Discord 播报 E2E 通过。","§3.5;§6.6;§8.2;§9;§11.1-11.3;§12;§17.3","approveGiftRequest;handlePaymentWebhook;retryJob","yes","payment_integration","不因播报失败退款或再次捕获，不做礼物动画。","FUND-03;GIFT-03;GIFT-04","PLANNED","P0","DB:gift-reservation-capture;OUTBOX:gift-broadcast","AT-GFT-006;AT-GFT-007;AT-WHK-002"
"M3-US-04","USER_STORY","M3","EP-M3","陪玩收益确认、支付标记与调整","运营按结算快照管理陪玩收益并保留完整历史。","订单完成/结案创建唯一 PENDING PlayerEarning；L3 确认和人工支付；退款或纠错仅新增 PlayerEarningAdjustment。","M2-US-04;M2-US-06","backend_api","4-6","每订单仅一条原始 PlayerEarning；金额来自快照/结案；确认和支付记录操作者/原因；原记录不改，调整金额非负且 type 决定方向。","金额、唯一性、状态迁移、PlayerEarningAdjustment 和权限测试通过；无删除端点。","§2.1;§3.10;§5.3-5.4;§6.4-6.5;§9;§10.4;§17.3","listPlayerEarnings;updatePlayerEarning;listCurrentPlayerEarnings","no","finance_domain","不自动提现、转账、税务或工资单。","REF-07;NAME-04","PLANNED","P0","DB:PlayerEarningAdjustment;API:updatePlayerEarning","AT-EAR-001;AT-EAR-002;AT-EAR-003"
"M3-US-05","USER_STORY","M3","EP-M3","统一消费历史与本人返佣视图","用户可查看订单/礼物消费及自己作为受益人的返佣，数据私密且可分页。","统一 Consumption 时间线；返佣查询按 beneficiary_id=current_user，来源用户脱敏；退款显示 Adjustment 影响。","M3-US-03;M3-US-04","backend_api","4-7","订单和礼物消费不重复；个人仅看本人消费与本人受益返佣；source user 被掩码；退款不改原 Commission，只新增 CommissionAdjustment。","消费、分页、归属、脱敏、CommissionAdjustment 和重放测试通过。","§2.1;§3.6;§6.7;§8.2;§9;§10.2;§10.4;§15;§17.3","listCurrentUserConsumptions;listCurrentUserCommissions;updateCommission","no","finance_domain","不做多级返佣、自动发放或公开来源用户。","REF-04;REF-05;REF-07;NAME-04","PLANNED","P0","API:listCurrentUserCommissions;DB:CommissionAdjustment","AT-HIS-001;AT-RFP-005;AT-RFP-006;AT-RFP-008"
"M3-US-06","USER_STORY","M3","EP-M3","礼物资金预留完整生命周期","礼物从确认到批准、拒绝、过期或撤回均有明确资金结果。","确认创建 reservation；批准 capture；拒绝/过期/用户撤回 release；不足时禁用确认并显示差额/充值入口；所有动作由 API 并发控制。","M1-US-08;M3-US-01;M3-US-02;M3-US-03","backend_payment_data","4-7","价格>availableMinor 时 confirm 禁用；客服不手算余额；批准只捕获原预留；拒绝/过期/撤回只释放一次；并发审批与撤回仅一方成功。","生命周期、边界、并发、幂等、Provider hold/fallback 和 UI 状态测试通过。","最新基线:资金预留/礼物与客服;§6.6;§8.2","createOrderGiftRequest;approveGiftRequest;rejectGiftRequest;cancelGiftRequest","yes","payment_data","不允许客服改预留金额或批准时重新创建主预留。","FUND-03;FUND-04;FUND-05;FUND-06;GIFT-01;GIFT-03","PLANNED","P0","OPENAPI:cancelGiftRequest;DB:gift-reservation-lifecycle","AT-RES-008;AT-RES-009"
"M3-US-07","USER_STORY","M3","EP-M3","保密的两种一级返佣计划","运营可管理老板带新和陪玩长期带客，来源用户看不到返佣受益信息。","实现 PROMOTER_FIRST_PURCHASE 与 PLAYER_LIFETIME；一名客户一个互斥来源；绑定/改绑/调整审计；按净消费结算；受益人查询掩码来源。","M3-US-04;M3-US-05","backend_finance_security","5-8","PROMOTER 仅首笔符合条件结算一次；PLAYER_LIFETIME 按配置持续结算；用户不可自助改来源；referred-user API/Discord/error/export/notification 不泄露受益人、计划、比例、金额或状态；L1 不见受益人/金额。","两计划、互斥唯一性、净消费、退款 Adjustment、L1-L4 scope、隐私快照及事件重放测试通过。","最新基线:返佣;§3.6;§5;§6.7;§9;§10.2;§10.4","listCurrentUserCommissions;listCommissions;updateCommission;createReferralAttribution;correctReferralAttribution;getReferralAttributionConfidential;listReferralAttributions;getCommissionConfidential","yes","finance_security","不做多级返佣、用户自助改绑、自动发放或代理体系。","REF-01;REF-02;REF-03;REF-04;REF-05;REF-06;REF-07;NAME-01;NAME-04","PLANNED","P0","MODEL:PROMOTER_FIRST_PURCHASE;MODEL:PLAYER_LIFETIME;POLICY:referral-confidentiality","AT-RFP-001;AT-RFP-002;AT-RFP-003;AT-RFP-004;AT-RFP-005;AT-RFP-006;AT-RFP-007;AT-RFP-008"
"EP-M4","EPIC","M4","EP-M4","Dashboard、四级权限与运营控制面","客服和管理人员在同一后台按 L1-L4 安全处理订单、礼物、审批、配置和异常。","OAuth2、Capabilities、统一订单/客服工作台、四级权限、Role 映射、Discord /bot-config、交易时间线、八项指标、审计和失败 Job。","EP-M0;EP-M2;EP-M3","product_tech_lead","43-67 (aggregate; do not sum with children)","四级账号通过权限 E2E；L1 无资金/破坏性动作；Role 不超过内部等级；/bot-config 按 L3/L4 权限安全修改并审计；时间线可追溯；八项指标口径稳定。","全部 M4 Story 验收通过；页面状态、越权和跨客户端一致性有证据。","§3.7-3.9;§5;§10.4-10.6;§13;§16(M4);§17.4;最新基线:P0对齐;Bot配置面板设计§1-9","getCurrentStaffCapabilities;getDashboardSummary;listStaffTasks;listAdminOrders;getAdminOrder;getDashboardSummary;createApprovalRequest;listAuditLogs;syncDiscordRoles;getBotConfig;updateBotConfig;validateBotConfigChange;testBotConfigDelivery","yes","dashboard_security","不做完整 CRM、独立工单、完整 BI/对账/导出、手机 App、独立配置网页、可点击配置 Demo 或成熟通知中心。","OPS-02;ACCESS-01;ACCESS-02;LEDGER-01;METRIC-01","PLANNED","P0","UI:operations-dashboard;POLICY:four-level-access;BOT:/bot-config","AT-RBAC-001;AT-TML-001;AT-MET-001;AT-CFG-001;AT-CFG-010"
"M4-US-01","USER_STORY","M4","EP-M4","Dashboard OAuth2、会话与 Capabilities 外壳","工作人员安全登录后只看到实际生效级别和可用能力。","实现 Discord OAuth2、staff 校验、安全 Cookie、CSRF、permissions_version、Capabilities、导航壳和 401/403。","M0-US-03","frontend_backend_security","4-6","无有效 staff_account 不能登录；自报 Role/level 无效；角色变化后旧会话失效；直达 URL 仍由 API 拒绝。","认证、CSRF、会话撤销和 UI/API 测试通过；Token 不进 localStorage。","§5.7;§10.1;§10.5-10.6;§13.1;§13.5;§14.3;§17.4","getCurrentStaffCapabilities;getDashboardSummary","yes","dashboard","不让 Discord Role 单独成为授权事实，不实现密码登录。","ACCESS-01;ARCH-01","PLANNED","P0","API:getCurrentStaffCapabilities;UI:dashboard-shell","AT-AUTH-002;AT-RBAC-001"
"M4-US-02","USER_STORY","M4","EP-M4","L1 统一订单与客服工作台","基础客服可认领、联系、核对、备注和提交建议，但不能执行资金或破坏性动作。","实现摘要、个人/团队任务、订单工作台、筛选、详情、匹配/readiness/automation 状态、频道/语音链接、备注、认领和升级。","M4-US-01;M2-US-05;M3-US-02","frontend_dashboard","5-8","L1 仅见个人 scope 和脱敏数据；可认领/联系/核对/备注/提交；退款、礼物批准、取消已接单、封禁和配置不可执行；页面状态齐全。","组件、API scope、L1 E2E 和跨客户端状态一致性通过。","§3.7-3.8;§5.2-5.6;§6.8;§10.4-10.6;§13.1-13.6;§17.4","getDashboardSummary;listStaffTasks;claimStaffTask;verifyStaffTask;getAdminOrder;createApprovalRequest;getApprovalRequest;listApprovalRequests;approveApprovalRequest;rejectApprovalRequest","no","dashboard","不建设独立客服工单、聊天归档或复杂 SLA。","OPS-02;ACCESS-01;REF-06","PLANNED","P0","UI:order-support-workbench;API:listStaffTasks","AT-SUP-001;AT-RBAC-002;AT-RFP-005"
"M4-US-03","USER_STORY","M4","EP-M4","订单、用户、陪玩与业务配置页面","L2-L4 可按职责查询和维护 P0 业务对象，写操作复用统一 API。","实现搜索、订单/用户/陪玩详情、服务/礼物目录、返佣、陪玩收益页面和所需读写 API。","M4-US-01;M2-US-06;M3-US-05","frontend_dashboard","5-8","多标识可检索且按 scope 脱敏；L2 价格规则只读；L3 可版本化维护；收益操作有原因且无硬删除。","页面、分页、筛选、权限、金额格式和写用例 E2E 通过。","§5.3;§9;§10.4;§13.1-13.6;§17.4","listAdminOrders;getAdminOrder;listAdminUsers;getAdminUser;listAdminPlayers;getAdminPlayer;listServiceCatalogVersions;createServiceCatalogVersion;updateServiceCatalogVersion;listAdminGiftCatalogItems;createGiftCatalogItem;updateGiftCatalogItem;listCommissions;listPlayerEarnings;updatePlayerEarning;createUserRiskFlag;setUserOperationalStatus;listAdminUserConsumptions;getAdminGiftRequest;listAdminGiftRequests","no","dashboard","不做营销画像、完整财务报表、数据仓库或复杂批量操作。","ARCH-01;OPS-02;REF-06","PLANNED","P0","UI:business-object-pages;API:admin-resource-operations","AT-RBAC-003;AT-CAT-003;AT-EAR-002"
"M4-US-04","USER_STORY","M4","EP-M4","金额策略、MFA 与 step-up","业务操作由满足最低等级、金额权限和近期验证的人直接执行。","实现执行影响预览、payload_hash、过期、L2/L3/L4 阈值、最低等级直执、同人发起执行、L3/L4 MFA 和 15 分钟 step-up。","M4-US-01;M2-US-06;M3-US-02","backend_security","5-8","L2 礼物≤200000、退款≤50000；中间区间由 L3；≥500000 必须 L4 且不强制不同人员复核；同一人可发起并执行；数据变化使执行凭据失效；敏感动作无 step-up 返回 428。","等级边界、同人发起执行、原因、过期/陈旧、MFA 恢复、不可篡改审计和幂等重放测试通过。","§5.3-5.4;§10.5-10.6;§13.4-13.6;§14.2-14.3;§15;§17.4","getCurrentStaffCapabilities;beginStepUp;completeStepUp;enrollMfa;verifyMfaEnrollment","yes","security","不实现企业 IAM、强制硬件密钥或自定义权限级别。","ACCESS-01;ACCESS-02;GIFT-03","PLANNED","P0","POLICY:minimum-level-execution;UI:operation-impact-preview","AT-RBAC-004;AT-RBAC-005;AT-GFT-005"
"M4-US-05","USER_STORY","M4","EP-M4","Discord Role 映射、高级授权与即时撤权","Role 变化同步到后台，且绝不能把人员提升到超过内部批准等级。","实现启动/guildMemberUpdate 同步、版本化映射、L1/L2 自动生效、L3/L4 PENDING_ELEVATION、L4 确认、bootstrap、降级和会话撤销。","M4-US-01;M4-US-04","backend_bot_security","5-8","Discord Role 只给候选级别；effective level=min(mapped,internally approved)；首次 L3/L4 未批不生效；移除 Role 后会话撤销；bootstrap 仅一次。","Role 同步、重放、升降级、会话撤销、上限和审计 E2E 通过。","§5.7;§9;§10.5-10.6;§11.1-11.2;§12;§14.2-14.3;§17.4;§18","listDiscordRoleMappings;updateDiscordRoleMapping;syncDiscordRoles;updateStaffRole;approveStaffRoleElevation;revokeStaffSessions","yes","security_bot","不根据客户端 Role ID 临时授权，不允许 L3 授予 L4。","ACCESS-01;ACCESS-02","PLANNED","P0","BOT:role-sync;POLICY:effective-access-cap","AT-ROL-001;AT-ROL-004;AT-RBAC-006"
"M4-US-06","USER_STORY","M4","EP-M4","审计、失败任务与最小系统设置","运营可不直改数据库地追查操作、恢复展示任务和维护 P0 配置。","实现按 scope 的不可变审计查询、失败 Job 列表/重试、政策/频道/超时配置版本化修改和 request_id 错误展示。","M4-US-01;M0-US-05","frontend_backend_ops","4-6","L1 看自己、L2 团队、L3 业务、L4 全部；Job 重试不重复交易；配置修改有级别、原因、版本和审计；无财务/审计删除。","scope、配置并发、Job 重试和审计完整性测试通过。","§5.3-5.4;§9;§10.4-10.5;§12.1;§13;§14.2;§17.4-17.5","listAuditLogs;listFailedJobs;retryJob;getPolicySettings;updatePolicySetting","no","dashboard_ops","不做日志分析平台或任意 SQL 管理入口。","ACCESS-02;GIFT-04","PLANNED","P0","UI:audit-jobs-settings;API:listAuditLogs","AT-AUD-001;AT-AUD-004;AT-CHN-003"
"M4-US-07","USER_STORY","M4","EP-M4","累积权限解析器与跨渠道一致授权","L1_SUPPORT、L2_SUPERVISOR、L3_OPERATIONS、L4_ADMIN_OWNER 在 Bot 和 Dashboard 按累积继承获得一致权限。","实现累积权限解析器，按 L1<L2<L3<L4 合并低级全部执行权限，并统一资源/action/scope 矩阵、金额阈值、破坏性操作定义、推荐隐私和 Role 上限；用同一 API policy 对 Bot/Dashboard 授权。","M4-US-01;M4-US-04;M4-US-05","backend_security_qa","4-6","高级别自动拥有低级全部执行权限；业务操作按最低等级直接执行且同一人可发起并执行；≥500000 必须 L4 但不强制不同人员复核；保留原因、step-up/MFA 和不可篡改审计；Discord 映射不越内部等级。","累积解析、金额边界、四角色两客户端 E2E、拒绝审计及 AT-RBAC-010/011 通过。","最新基线:P0产品边界/返佣/P0对齐;§5;§10.5-10.6","getCurrentStaffCapabilities;syncDiscordRoles","yes","security_qa","不增加第五级、自定义角色设计器或客户端本地授权。","ACCESS-01;ACCESS-02;REF-06","PLANNED","P0","POLICY:cumulative-permission-resolver;E2E:bot-dashboard-rbac","AT-RBAC-001;AT-RBAC-009;AT-RBAC-010;AT-RBAC-011"
"M4-US-08","USER_STORY","M4","EP-M4","统一业务交易时间线","客服和管理人员可按订单追溯余额快照、预留、消费、退款、收益、返佣和调整。","建立只读 timeline projection，合并 provider balance snapshot、FundReservation、Consumption、Refund、PlayerEarning、Commission 及对应 Adjustment；按权限脱敏。","M1-US-08;M2-US-06;M3-US-03;M3-US-04;M3-US-05","backend_dashboard","4-6","事件按 occurredAt/id 稳定排序；每项有 type/status/amount/currency/source/reference；原记录与 Adjustment 分离；L1 不见受限返佣信息；无删除/编辑。","projection、金额方向、分页、脱敏、空/异常状态和 Dashboard E2E 通过。","最新基线:P0对齐-统一交易时间线;§9;§13","getAdminOrder","no","dashboard_data","不做总账替代、完整财务对账、导出或会计科目。","LEDGER-01;OPS-02;REF-04;REF-06;NAME-04","PLANNED","P0","OPENAPI:getAdminOrder;UI:transaction-timeline","AT-TML-001;AT-HIS-002;AT-RFP-005"
"M4-US-09","USER_STORY","M4","EP-M4","八项启动运营指标","运营在首页快速看清订单、任务、资金预留、派单和异常健康度。","实现今日订单、进行中订单、待处理任务、已完成净消费、礼物净消费、预留总额、派单成功率、异常数；固定时区、币种和口径。","M4-US-02;M4-US-08","backend_dashboard","3-5","八项指标同屏显示；时间窗和状态口径可追溯；金额按 currency 分组不混算；派单成功率分母为有效派单轮次；无权限项不泄露。","聚合查询、边界时间、退款/Adjustment、空数据、权限和 Dashboard 快照测试通过。","最新基线:P0对齐-最小运营统计;§13","getDashboardSummary","no","dashboard_data","不做下钻 BI、趋势图、导出、完整对账或绩效分析。","METRIC-01;LEDGER-01;ACCESS-02","PLANNED","P0","OPENAPI:getDashboardSummary;UI:eight-metric-summary","AT-MET-001;AT-MET-002"
"M4-US-10","USER_STORY","M4","EP-M4","/bot-config 精简程序设计与实现","L3/L4 可在 Discord 内安全维护 Bot 日常配置，无需手工输入频道或 Role ID。","实现 Guild-only /bot-config Slash Command、Sapphire component handlers、ephemeral presenter 与统一 API client；Channel Select/Role Select 后先预览校验并取得短期 validationToken 再确认；API 以 staff_account 和 bot_config.read、bot_config.operational.manage、bot_config.security.manage 最终授权，处理版本冲突、立即刷新缓存、追加审计和重启重载。","M0-US-03;M0-US-05;M4-US-05;M4-US-07","backend_bot_api","4-6","L3 可读并修改运营字段；L4 累积继承 L3 且可修改 Role 映射；L3 Role 写入返回 403；无效频道、对象类型或 Bot 权限不保存；PATCH 必须携带绑定 actor/Guild/version/changes/reason 的有效 validationToken；确认时用 expectedVersion，冲突返回 409；成功后下一次业务动作使用新配置，修改写审计，重启后从 API 重载，响应仅操作者可见。","AT-CFG-001..010 全部通过；四个 operationId 契约一致；预览防绕过、权限拒绝、立即生效、审计和重载有自动化证据；未新增网页或可点击 Demo。","Bot配置面板设计§1-9;§5;§10.1;§12.1;§17.4","getBotConfig;updateBotConfig;validateBotConfigChange;testBotConfigDelivery","yes","security_bot","不做独立配置网页、Dashboard 配置页、可点击 Demo、可运行 UI Prototype、Secrets/目录/价格/礼物/返佣配置或任意工作流设计器。","ACCESS-01;ACCESS-02;OPS-02","PLANNED","P0","BOT:/bot-config;OPENAPI:getBotConfig;POLICY:bot_config.read;POLICY:bot_config.operational.manage;POLICY:bot_config.security.manage","AT-CFG-001;AT-CFG-002;AT-CFG-003;AT-CFG-004;AT-CFG-005;AT-CFG-006;AT-CFG-007;AT-CFG-008;AT-CFG-009;AT-CFG-010"
"EP-M5","EPIC","M5","EP-M5","验收、真实集成与可恢复部署","团队可在测试 Server 和第三方沙箱稳定演练 P0，并具备上线与恢复依据。","自动回归、Discord/Dashboard E2E、真实 Provider 沙箱、生产样部署、安全检查、备份恢复、UAT 与发布门禁。","EP-M1;EP-M2;EP-M3;EP-M4","delivery_lead","16-27 (aggregate; do not sum with children)","全部 P0 验收通过；无阻断缺陷；备份恢复和 Bot 重启演练成功；Provider 沙箱可对账。","全部 M5 Story 和发布门禁签署完成，证据可追溯 Story 与 Requirement ID。","§12;§14-17;§16(M5);最新基线:全部P0要求","getHealth;getReadiness;handlePaymentWebhook","yes","qa_devops","不承诺生产 SLA、自动扩容、多区域容灾或 24x7 值守。","ARCH-01;PL-01;PL-02;PL-03;PL-04;PL-05;PL-06","PLANNED","P0","TRACE:p0-requirements-tests;RUN:release-gate","AT-AUD-004;AT-REC-005"
"M5-US-01","USER_STORY","M5","EP-M5","P0 自动化回归与跨客户端 E2E","发布决策有可重复证据，Bot 与 Dashboard 对同一动作得到同一业务结果。","补齐单元、数据库、Provider、API、RBAC、Sapphire 和 E2E；建立 Requirement ID→Story→operationId→test→evidence 追踪矩阵。","EP-M1;EP-M2;EP-M3;EP-M4","qa_automation","6-10","PL-01..PL-06、资金生命周期、礼物、返佣保密、四级权限、时间线和八指标均有自动或手工证据；金额边界和并发通过。","CI 全绿；失败可复现；记录含环境、构建、Requirement/Story ID、结果和证据链接。","§15;§17;最新基线:全部P0要求","none","yes","qa","不追求 P1 设备矩阵或性能压测平台。","PL-01;PL-02;PL-03;PL-04;PL-05;PL-06;FUND-01;FUND-02;FUND-03;FUND-04;FUND-05;FUND-06;REF-01;REF-02;REF-03;REF-04;REF-05;REF-06;REF-07;ACCESS-01;ACCESS-02;LEDGER-01;METRIC-01","PLANNED","P0","TRACE:requirements-test-matrix;CI:p0-regression","AT-AUD-004;AT-RBAC-001;AT-MET-001"
"M5-US-02","USER_STORY","M5","EP-M5","真实 Provider 沙箱与生产样部署恢复","系统能安全连接外部服务，并从常见故障恢复。","实现真实 Adapter、签名/回调/对账、Provider hold 能力探测与 fallback、环境隔离、Compose、Secret、迁移、备份恢复和 Bot/Worker 重启演练。","M5-US-01;M0-US-04","integration_devops","6-10","环境隔离；沙箱 createReservationDebit/createRefund/重复 Webhook/UNKNOWN 可收敛；hold 支持与 fallback 均验证；空环境可部署；恢复后幂等、预留和 Outbox 完整。","另一成员按 Runbook 成功部署/恢复；凭证扫描、健康、日志和告警通过。","§10.7;§11;§12;§14;§15.1;§17.5;最新基线:资金预留","getHealth;getReadiness;handlePaymentWebhook","yes","payment_devops","不建设 Kubernetes、多区域容灾、自动扩容或自研支付。","ARCH-02;FUND-06","PLANNED","P0","RUN:provider-sandbox;RUN:backup-restore","AT-WHK-003;AT-REC-003;AT-REC-005"
"M5-US-03","USER_STORY","M5","EP-M5","安全审查、业务 UAT 与发布门禁","产品、运营、客服和开发对 P0 行为达成一致，已知风险不被误当上线能力。","执行权限/隐私/日志检查，按用户/陪玩/L1-L4 流程 UAT，核对配置、回滚条件、阻断缺陷和路线图非目标。","M5-US-01;M5-US-02","delivery_lead","4-7","用户、陪玩、L1-L4 完成 UAT；频道/Role/阈值/目录/礼物/返佣配置核对；无核心链路与隔离阻断；路线图明确。","UAT、风险接受、配置快照、回滚入口和发布检查表由产品/运营/技术签署。","§2.2-2.3;§14.3;§16(M5);§17;§18;最新基线:下一阶段/近期不做","none","yes","release","不把预约、陪玩试音、用户选陪玩、指定陪玩或其他 P1 能力纳入发布门禁。","RM-01;RM-02;RM-03;RM-04;RM-05;RM-06;RM-07;RM-08;RM-09","PLANNED","P0","UAT:p0-role-flows;DOC:p0-roadmap-exclusions","AT-AUD-004;AT-RBAC-009;AT-RFP-005"
