"ID","优先级","层级","模块","标题","前置数据","GIVEN","WHEN","THEN","对应需求","建议自动化"
"AT-ACC-001","P0_BLOCKER","E2E","ACCOUNT","一次性绑定码成功绑定","FX-USER-UNBOUND; FX-PROVIDER-USER-A; FX-BINDING-CODE-VALID","GIVEN 未绑定的 Discord 用户与有效且未使用的一次性绑定码","WHEN 用户从公共入口提交绑定 Modal","THEN API 验证第三方账号并建立唯一映射；Bot 仅以 ephemeral 返回账户摘要；本地不保存密码或绑定码明文","SPEC-6.1; SPEC-10.2; SPEC-17.1","E2E_DISCORD"
"AT-ACC-002","P0_HIGH","API","ACCOUNT","无效或已使用绑定码被拒绝","FX-USER-UNBOUND; FX-BINDING-CODE-INVALID; FX-BINDING-CODE-USED","GIVEN 未绑定用户分别提交无效码和已使用码","WHEN 调用 POST /api/v1/bindings","THEN 返回可识别错误且不创建 users/discord_accounts/external_accounts 的半成品映射；记录 request_id","SPEC-6.1; SPEC-12; SPEC-17.1","API_AUTO"
"AT-ACC-003","P0_BLOCKER","API","ACCOUNT","第三方账号只能绑定一次","FX-USER-UNBOUND; FX-USER-CUSTOMER-A; FX-PROVIDER-USER-A","GIVEN 第三方 external_user_id 已绑定到 FX-USER-CUSTOMER-A","WHEN 另一 Discord 用户尝试绑定同一 external_user_id","THEN 唯一约束拒绝第二次绑定且原映射不变；拒绝动作可审计","SPEC-9; SPEC-10.2","API_DB_INTEGRATION"
"AT-ACC-004","P0_HIGH","E2E","ACCOUNT","M3 前个人服务中心保持私密稳定空状态","FX-GUILD; FX-USER-CUSTOMER-A; FX-BOT","GIVEN 已绑定用户尚无已实现的消费或返佣模块数据","WHEN 用户打开个人服务中心并查询余额、当前订单、消费和本人返佣摘要","THEN Bot 仅以 ephemeral 展示实时余额与当前订单；消费和本人返佣返回结构稳定的空列表而非错误、伪造数据或公共消息","SPEC-3.1; SPEC-6.1; SPEC-10.2; SPEC-17.1","E2E_DISCORD_API"
"AT-CAT-001","P0_BLOCKER","API","CATALOG","仅上架且双价格完整的服务可下单","FX-SERVICE-ACTIVE-V1; FX-SERVICE-DISABLED; FX-SERVICE-MISSING-PAYOUT","GIVEN 目录同时存在完整上架、已下架及缺少陪玩结算价的版本","WHEN 用户查询 GET /services 并尝试更新订单草稿","THEN 只返回完整上架版本；其他版本返回 422 SERVICE_NOT_AVAILABLE；用户响应不泄露陪玩结算价","SPEC-6.2; SPEC-9; SPEC-10.2; SPEC-17.2","API_AUTO"
"AT-CAT-002","P0_BLOCKER","API","CATALOG","订单保存服务版本和双价格快照","FX-SERVICE-ACTIVE-V1; FX-SERVICE-ACTIVE-V2; FX-ORDER-DRAFT-A","GIVEN 草稿按 V1 估价后运营发布价格不同的 V2","WHEN 用户提交原草稿并完成订单","THEN 订单、扣款和陪玩收益继续使用 V1 的 catalog_version、customer_unit_price_minor、player_unit_payout_minor；V2 只影响新草稿","SPEC-3.10; SPEC-6.2; SPEC-9; SPEC-17.2","API_DB_INTEGRATION"
"AT-CAT-003","P0_HIGH","API","ORDER","拒绝预约字段","FX-USER-CUSTOMER-A; FX-SERVICE-ACTIVE-V1","GIVEN Prototype 仅支持即时单","WHEN 客户在 PATCH /orders/:id 中提交 future_start_at 或 scheduled_at","THEN API 返回字段校验错误；订单保持 DRAFT；不扣款、不派单","SPEC-2.3; SPEC-6.2; SPEC-17.2","API_AUTO"
"AT-CHN-001","P0_BLOCKER","E2E","DISCORD_CHANNEL","创建私密订单频道并应用最小权限","FX-GUILD; FX-USER-CUSTOMER-A; FX-STAFF-L1; FX-BOT","GIVEN 已绑定用户从公共入口创建订单","WHEN Bot 根据 API 返回的 channel_spec 建立频道","THEN @everyone 无权查看；客户、Bot 和允许范围员工可访问；陪玩在接单前不可见；面板被置顶且余额不公开","SPEC-5.5; SPEC-6.2; SPEC-7; SPEC-17.1","E2E_DISCORD"
"AT-CHN-002","P0_HIGH","E2E","DISCORD_CHANNEL","接单后加入陪玩并使派单按钮失效","FX-ORDER-PENDING-DISPATCH; FX-PLAYER-ACTIVE-AVAILABLE","GIVEN 符合条件陪玩成功接单","WHEN API 返回 ACCEPTED 且 Bot 处理 OrderAccepted","THEN 5 秒内仅获胜陪玩获得频道权限；订单面板显示陪玩；原派单按钮禁用；其他候选仍不可访问私密频道","SPEC-6.3; SPEC-11.1; SPEC-17.2","E2E_DISCORD"
"AT-CHN-003","P0_HIGH","E2E","RECOVERY","创建频道失败不会产生可提交订单","FX-USER-CUSTOMER-A; FX-DISCORD-FAIL-CREATE-CHANNEL","GIVEN Discord 创建频道返回权限错误或超时","WHEN 用户点击创建订单","THEN 用户收到 ephemeral 重试提示；订单不进入可提交状态；失败原因和 request_id 可在 Dashboard 查看；重试不产生多个活跃订单","SPEC-12; SPEC-17.1","E2E_DISCORD_FAULT"
"AT-ORD-001","P0_BLOCKER","E2E","ORDER","即时订单四阶段内提交成功","FX-USER-CUSTOMER-A; FX-BALANCE-SUFFICIENT; FX-SERVICE-ACTIVE-V1","GIVEN 已绑定客户无活跃订单且可用余额充足","WHEN 客户依次创建频道、选择服务与单位、查看完整确认并提交","THEN 主要操作不超过四阶段；一次原子资金预留成功；订单从 DRAFT 进入 PENDING_DISPATCH；生成一轮派单且不提前捕获资金","PL-01; PL-02; SPEC-3.2; SPEC-6.2; SPEC-17.2","E2E_DISCORD"
"AT-ORD-002","P0_BLOCKER","API","ORDER","余额不足保持草稿且不派单","FX-ORDER-DRAFT-A; FX-BALANCE-INSUFFICIENT","GIVEN 订单金额为 10000 CNY minor units 而可用余额为 9999","WHEN 用户提交订单","THEN 返回余额不足及差额；订单保持 DRAFT；没有 FundReservation、external charge、dispatch_attempt 或派单消息；提供充值入口","PL-02; SPEC-6.2; SPEC-12; SPEC-17.2","API_AUTO"
"AT-ORD-003","P0_BLOCKER","API","ORDER","重复提交只创建一次资金预留","FX-ORDER-DRAFT-A; FX-BALANCE-SUFFICIENT; FX-IDEMPOTENCY-ORDER-SUBMIT","GIVEN 同一订单和同一 Idempotency-Key 被并发或重放两次","WHEN 调用 POST /orders/:id/submit","THEN 两次响应指向同一 reservation_id 和业务结果；只有一条有效 FundReservation、一次状态迁移和一轮派单","PL-02; SPEC-10; SPEC-11.3; SPEC-17.2","API_CONCURRENCY"
"AT-ORD-004","P0_HIGH","E2E","ORDER","已有活跃订单时进入现有频道","FX-USER-CUSTOMER-A; FX-ORDER-ACCEPTED-A","GIVEN 用户已有 ACCEPTED 活跃订单","WHEN 再次点击创建订单","THEN 不创建第二个订单或频道；Bot 提供进入现有订单按钮；数据库活跃订单唯一约束保持有效","SPEC-6.2; SPEC-9; SPEC-18","E2E_DISCORD"
"AT-DSP-001","P0_BLOCKER","Unit","DISPATCH","候选必须同时满足五项条件","FX-ORDER-PENDING-DISPATCH; FX-PLAYER-POOL","GIVEN 陪玩池包含审核未通过、标签不符、Discord 离线、BUSY、有活跃订单和完全符合条件的账号","WHEN 运行候选筛选","THEN 只有 ACTIVE、标签匹配、Discord 在线、AVAILABLE 且无活跃订单的 FX-PLAYER-ELIGIBLE 进入 candidate_ids","SPEC-6.3; SPEC-17.2; SPEC-18","UNIT_AUTO"
"AT-DSP-002","P0_HIGH","E2E","DISPATCH","五分钟无人接单保持原预留且不自动扩圈","FX-ORDER-PENDING-DISPATCH; FX-DISPATCH-NO-ACCEPT","GIVEN 派单卡片发布后五分钟无人接单","WHEN DISPATCH_TIMEOUT Job 执行","THEN dispatch_attempt 标记超时；订单仍为 PENDING_DISPATCH 且原 FundReservation 保持有效；用户可继续等待、取消释放或联系客服；继续等待只创建新派单轮次；候选范围不自动扩大","SPEC-6.3; SPEC-6.5; SPEC-18","E2E_TIME_CONTROLLED"
"AT-DSP-003","P0_BLOCKER","API","DISPATCH","并发抢单仅一名获胜者","FX-ORDER-PENDING-DISPATCH; FX-PLAYER-ELIGIBLE; FX-PLAYER-ELIGIBLE-B","GIVEN 两名合格陪玩对同一 PENDING_DISPATCH 订单同时接单","WHEN 并发调用 POST /orders/:id/accept","THEN 仅一个条件更新成功；订单只有一个 player_id；失败方得到订单已被接取；频道、面板和派单卡最终一致","SPEC-6.3; SPEC-11.3; SPEC-17.2","API_DB_CONCURRENCY"
"AT-DSP-004","P0_HIGH","API","DISPATCH","有活跃订单陪玩不可再接单","FX-PLAYER-ACTIVE-BUSY-ORDER; FX-ORDER-PENDING-DISPATCH","GIVEN ACTIVE 陪玩已有 ACCEPTED 或 IN_SERVICE 订单","WHEN 该陪玩直接调用接单接口","THEN 返回 422 PLAYER_NOT_ELIGIBLE；目标订单和原订单均不变；不泄露审核细节","SPEC-9; SPEC-10.6; SPEC-18","API_AUTO"
"AT-SVC-001","P0_BLOCKER","API","SERVICE","只有当前订单双方可提交各自就绪","FX-ORDER-ACCEPTED-A; FX-PLAYER-ASSIGNED; FX-PLAYER-OTHER; FX-READINESS-CUSTOMER-ONLY","GIVEN 订单已接单且用户已就绪、陪玩未就绪","WHEN 非接单陪玩和当前接单陪玩分别提交 player readiness","THEN 非接单陪玩返回 403 且有拒绝审计；当前陪玩就绪后双方条件满足，订单只进入一次 IN_SERVICE 并记录双方就绪与 service_started_at","PL-05; SPEC-6.4; SPEC-8.1; SPEC-10.3","API_AUTO"
"AT-SVC-002","P0_BLOCKER","E2E","SERVICE","完成确认原子生成消费收益和返佣","FX-ORDER-PENDING-CONFIRMATION; FX-REFERRAL-2PCT","GIVEN 陪玩已申请完成且客户存在有效 2% 一级推荐关系","WHEN 客户点击确认完成","THEN 订单变为 COMPLETED；生成一条订单消费、一条 PENDING 陪玩收益和一条 PENDING 返佣；均使用订单快照；频道进入只读","SPEC-6.4; SPEC-6.7; SPEC-17.3","E2E_DISCORD_DB"
"AT-SVC-003","P0_HIGH","API","SERVICE","完成确认重复事件不重复结算","FX-ORDER-PENDING-CONFIRMATION; FX-IDEMPOTENCY-CONFIRM","GIVEN 同一确认交互被重放两次","WHEN 两次调用 POST /orders/:id/confirm","THEN 返回同一最终结果；只存在一条原始消费、一条原始收益和每个有效推荐关系一条返佣","SPEC-11.3; SPEC-17.3","API_DB_INTEGRATION"
"AT-SVC-004","P0_HIGH","E2E","SERVICE","三十分钟未确认只创建客服任务","FX-ORDER-PENDING-CONFIRMATION; FX-CLOCK-PLUS-30M","GIVEN 陪玩申请完成后客户三十分钟未确认","WHEN 完成超时 Job 执行","THEN 创建且仅创建一条 COMPLETION_REVIEW；订单不自动完成；不生成消费、收益或返佣","SPEC-6.4; SPEC-12; SPEC-17.2","E2E_TIME_CONTROLLED"
"AT-CAN-001","P0_HIGH","API","CANCELLATION","草稿取消无资金动作","FX-ORDER-DRAFT-A","GIVEN DRAFT 订单从未扣款","WHEN 客户调用取消接口","THEN 订单进入 CANCELLED；退款为 0；收益为 0；没有第三方退款调用","SPEC-6.5; SPEC-8.1","API_AUTO"
"AT-CAN-002","P0_BLOCKER","API","CANCELLATION","待派单取消释放预留后结束","FX-ORDER-PENDING-DISPATCH; FX-RESERVATION-ORDER-PENDING","GIVEN 订单仅有有效资金预留且仍未接单","WHEN 客户确认取消且 API 原子复核取消预览版本","THEN 使用稳定幂等键将预留只释放一次；不创建 ORDER_REFUND；随后订单进入 CANCELLED 且派单失效","PL-02; PL-06; SPEC-6.5; SPEC-17.2","API_DB_TRANSACTION"
"AT-CAN-003","P0_BLOCKER","API","CANCELLATION","原生 Hold 释放结果未知时不得提前取消","FX-ORDER-PENDING-DISPATCH; FX-PROVIDER-RELEASE-TIMEOUT","GIVEN 待派单订单使用供应商原生 Hold 且取消时 releaseHold 结果未知","WHEN 调用取消接口并触发超时","THEN 订单进入或保持 EXCEPTION/取消处理中；不显示 CANCELLED；不创建退款；创建客服任务；同一幂等键通过 getHold 恢复查询","SPEC-6.5; SPEC-12; SPEC-17.2","API_FAULT_INJECTION"
"AT-CAN-004","P0_BLOCKER","E2E","CANCELLATION","已接单取消默认转客服","FX-ORDER-ACCEPTED-A","GIVEN 订单已被陪玩接取","WHEN 客户点击取消","THEN 不自动退款或改变终态；创建 CANCELLATION_ASSIST 客服任务并显示客服处理中；L1 只能核对和提交建议","SPEC-3.4; SPEC-6.5; SPEC-6.8","E2E_DISCORD"
"AT-CAN-005","P0_HIGH","API","NO_SHOW","陪玩十分钟未就绪只创建爽约核对","FX-ORDER-ACCEPTED-A; FX-CLOCK-PLUS-10M","GIVEN 接单后十分钟用户已就绪但陪玩仍未就绪","WHEN 就绪宽限 Job 执行","THEN 创建 PLAYER_READINESS_LATE/PLAYER_NO_SHOW 任务和风险事件；不自动开始、退款、扣罚、取消或生成收益","PL-05; SPEC-6.4; SPEC-6.5; SPEC-17.2","API_TIME_CONTROLLED"
"AT-CAN-006","P0_HIGH","API","NO_SHOW","用户十五分钟未出现只创建核对任务","FX-ORDER-ACCEPTED-A; FX-CLOCK-PLUS-15M","GIVEN 接单后用户十五分钟未出现且陪玩提交核对请求","WHEN 系统记录 CUSTOMER_NO_SHOW","THEN 创建客服任务和风险事件；由 L2+ 决定全额、部分或不退款及陪玩补偿；系统不自动裁决","SPEC-6.5; SPEC-12; SPEC-18","API_AUTO"
"AT-CAN-007","P0_BLOCKER","API","INTERRUPTION","服务中断结案保持原子一致","FX-ORDER-IN-SERVICE; FX-STAFF-L2; FX-RESOLUTION-PARTIAL","GIVEN 服务中断任务含合法原因、部分退款、陪玩收益和证据说明","WHEN 有权限员工调用 POST /admin/orders/:id/resolve","THEN 结案、独立退款交易、原扣款聚合状态、PlayerEarningAdjustment、CommissionAdjustment、订单事件和审计要么全部成功要么全部回滚；原收益与返佣主记录不被覆盖","SPEC-6.5; SPEC-10.4; SPEC-17.2","API_DB_TRANSACTION"
"AT-CAN-008","P0_BLOCKER","API","CANCELLATION","待确认阶段取消或争议不得自动结案","FX-ORDER-PENDING-CONFIRMATION; FX-STAFF-L2","GIVEN 订单正在等待客户确认完成且客户提出取消或质量争议","WHEN 客户请求取消或客服创建完成争议任务","THEN 不直接迁移到 CANCELLED 或 COMPLETED；订单进入 EXCEPTION 或保持待确认并创建可认领任务；退款、收益和返佣均等待有权限员工原子结案","SPEC-6.4; SPEC-6.5; SPEC-8.1","API_AUTO"
"AT-CAN-009","P0_BLOCKER","API","CANCELLATION","已完成订单不能倒退为取消","FX-ORDER-COMPLETED-10000; FX-STAFF-L3","GIVEN 订单已经 COMPLETED 并生成消费、收益和返佣","WHEN 用户或员工调用普通取消接口或试图把状态改为 CANCELLED","THEN 状态机拒绝迁移；售后退款只能追加退款交易、消费更正、PlayerEarningAdjustment 和 CommissionAdjustment；原完成事实及主收益/返佣记录保持不变","SPEC-6.5; SPEC-8.1; SPEC-17.3","API_AUTO"
"AT-SUP-001","P0_HIGH","API","SUPPORT_TASK","客服任务并发认领只有一人成功","FX-STAFF-TASK-OPEN; FX-STAFF-L1; FX-STAFF-L1-B","GIVEN 两名 L1 同时认领同一 OPEN 任务","WHEN 并发调用 /admin/staff-tasks/:id/claim","THEN 仅第一名成功，任务为 CLAIMED 且 claimed_by 唯一；后点击者收到已被认领","SPEC-6.8; SPEC-11.3; SPEC-12","API_DB_CONCURRENCY"
"AT-SUP-002","P0_HIGH","UAT","SUPPORT_TASK","客服可以接管自动流程但受权限限制","FX-ORDER-ACCEPTED-A; FX-STAFF-L1; FX-STAFF-L2","GIVEN 用户主动求助并生成任务","WHEN L1 认领、打开订单/语音链接、记录备注并提交取消建议，随后 L2 处理","THEN L1 可完成核对但不能执行退款或已接单取消；L2 在权限与金额范围内执行；Bot 与 Dashboard 显示一致状态","SPEC-3.7; SPEC-5.6; SPEC-6.8","UAT_MANUAL"
"AT-SUP-003","P0_BLOCKER","API","SUPPORT_TASK","非法结案金额不产生部分写入","FX-ORDER-ACCEPTED-A; FX-STAFF-L2; FX-RESOLUTION-OUT-OF-RANGE","GIVEN 退款或陪玩收益超过订单快照允许范围","WHEN 员工提交人工结案","THEN 返回 422；不写 order_resolution、不调用第三方、不改订单、不创建收益；记录被拒绝请求和原因","SPEC-12; SPEC-17.2","API_DB_TRANSACTION"
"AT-SUP-004","P0_HIGH","UAT","SUPPORT_TASK","草稿下单默认自动但可主动请求客服","FX-ORDER-DRAFT-A; FX-STAFF-L1","GIVEN 客户正在私密频道填写即时订单且自动流程正常","WHEN 客户点击联系客服","THEN 创建 ORDER_ASSIST 任务但订单仍为 DRAFT；L1 可加入频道、核对需求和写备注；除用户确认提交外不得代扣款；关闭协助后可继续自动流程","SPEC-3.7; SPEC-6.2; SPEC-6.8","UAT_MANUAL"
"AT-GFT-001","P0_BLOCKER","E2E","GIFT","所有礼物先预留再人工核对且目标固定","FX-ORDER-IN-SERVICE; FX-GIFT-1999; FX-USER-CUSTOMER-A","GIVEN 客户在关联订单内选择礼物并尝试传入其他 receiver_id","WHEN 提交 POST /orders/:id/gift-requests","THEN receiver_id 始终由订单当前陪玩推导；立即创建 PENDING FundReservation、PENDING_REVIEW 与 GIFT_REVIEW 任务；客服卡含必要上下文；提交时不捕获资金、不播报","BASELINE-FUNDS; BASELINE-GIFT; SPEC-6.6; SPEC-17.3","E2E_DISCORD_API"
"AT-GFT-002","P0_BLOCKER","API","GIFT_RBAC","L1 核对后仍不能批准或拒绝","FX-GIFT-REQUEST-VERIFIED; FX-STAFF-L1","GIVEN L1 已认领并标记礼物资料核对完成","WHEN L1 调用礼物批准或拒绝接口","THEN 返回 403 PERMISSION_DENIED；没有扣款、状态终结或播报；拒绝尝试写审计","SPEC-5.2; SPEC-5.3; SPEC-6.6","API_RBAC"
"AT-GFT-003","P0_BLOCKER","API","GIFT_RBAC","L2 可批准 ¥1,999 礼物","FX-GIFT-REQUEST-1999; FX-STAFF-L2; FX-BALANCE-SUFFICIENT","GIVEN 已人工核对且已预留的礼物金额为 199900 CNY minor units","WHEN L2 完成确认并批准","THEN API 捕获原 reservation_id 一次；礼物进入 CAPTURED；创建消费和播报 Outbox；无需 L3 审批","BASELINE-FUNDS; SPEC-5.3; SPEC-6.6; SPEC-14.2","API_BOUNDARY"
"AT-GFT-004","P0_BLOCKER","API","GIFT_RBAC","L2 可批准 ¥2,000 礼物","FX-GIFT-REQUEST-2000; FX-STAFF-L2; FX-BALANCE-SUFFICIENT","GIVEN 已人工核对且已预留的礼物金额等于 200000 CNY minor units","WHEN L2 批准","THEN 操作在 L2 闭环并只捕获原预留一次；不创建升级审批","BASELINE-FUNDS; SPEC-5.3; SPEC-5.4; SPEC-18","API_BOUNDARY"
"AT-GFT-005","P0_BLOCKER","API","GIFT_RBAC","¥2,001 礼物升级 L3","FX-GIFT-REQUEST-2001; FX-STAFF-L2","GIVEN 已人工核对的礼物金额为 200100 CNY minor units","WHEN L2 尝试批准","THEN 返回 202 APPROVAL_PENDING 和审批编号；不扣款、不播报；L3 在 step-up 有效后可批准","SPEC-5.3; SPEC-5.4; SPEC-10.6","API_BOUNDARY"
"AT-GFT-006","P0_BLOCKER","API","GIFT_RBAC","¥5,000 礼物仅 L4 可直接执行","FX-GIFT-REQUEST-5000; FX-STAFF-L4-A-STEPUP; FX-BALANCE-SUFFICIENT","GIVEN 礼物金额为 500000 CNY minor units 且已人工核对，业务版本与预留有效","WHEN L4 填写原因并在近期 step-up/MFA 有效期内直接批准","THEN API 原子重校验礼物、预留和业务版本后只扣款一次；允许同一 L4 发起并执行且不要求不同人员复核；状态与不可篡改审计完整保留","SPEC-5.4; SPEC-10.5; SPEC-17.4","API_APPROVAL_FLOW"
"AT-GFT-007","P0_BLOCKER","API","APPROVAL","同一 L4 可发起并执行高额礼物","FX-GIFT-REQUEST-5000; FX-STAFF-L4-A-STEPUP; FX-BALANCE-SUFFICIENT","GIVEN L4 已发起金额为 500000 CNY minor units 的礼物批准请求","WHEN 同一 staff_id 填写原因并在近期 step-up/MFA 有效期内执行批准","THEN 允许同一人发起并执行；不要求不同人员复核；重校验业务版本与预留后只扣款一次；原因、近期 step-up/MFA 事实和不可篡改审计完整保留","SPEC-5.4; SPEC-9; SPEC-17.4","API_RBAC"
"AT-GFT-008","P0_HIGH","API","GIFT","审批期间余额下降会阻止扣款","FX-GIFT-REQUEST-2000; FX-STAFF-L2; FX-BALANCE-BECOMES-INSUFFICIENT","GIVEN 礼物提交时余额充足但审批时实时余额不足","WHEN L2 批准","THEN API 再次查询余额并拒绝扣款；礼物不进入 CAPTURED；无消费和播报；任务保留可处理状态","SPEC-6.6; SPEC-12; SPEC-17.3","API_PROVIDER_INTEGRATION"
"AT-GFT-009","P0_BLOCKER","API","IDEMPOTENCY","礼物重复批准最多扣款一次","FX-GIFT-REQUEST-2000; FX-STAFF-L2; FX-IDEMPOTENCY-GIFT-APPROVE","GIVEN 同一已核对礼物被按钮重放或并发批准","WHEN 多次调用礼物批准接口","THEN 固定 gift_request_id 派生相同 Idempotency-Key；仅一条成功交易和消费；后续响应返回首次结果","SPEC-11.3; SPEC-17.3","API_DB_CONCURRENCY"
"AT-GFT-010","P0_BLOCKER","E2E","GIFT","播报失败只重试播报不重复扣款","FX-GIFT-CAPTURED-UNANNOUNCED; FX-OUTBOX-BROADCAST-FAILED","GIVEN 礼物已 CAPTURED 且 Discord 播报首次失败","WHEN Outbox 自动重试或有权限员工手工重试 Job","THEN 不再次调用 captureHold/createReservationDebit 或创建 GIFT_CHARGE；最终仅一条有效播报；礼物变为 ANNOUNCED；失败次数和最后错误可见","SPEC-6.6; SPEC-11.3; SPEC-12; SPEC-17.3","E2E_DISCORD_FAULT"
"AT-HIS-001","P0_HIGH","API","CONSUMPTION","消费历史合并订单和礼物并分页","FX-CONSUMPTION-PAGESET","GIVEN 当前用户有订单、礼物及冲正流水超过一页","WHEN GET /me/consumptions 使用 cursor 分页","THEN 返回按 occurred_at 稳定排序的订单/礼物记录及状态；无重复或遗漏；金额为 minor units + currency","SPEC-10.2; SPEC-17.3","API_AUTO"
"AT-HIS-002","P0_BLOCKER","E2E","CONSUMPTION","余额消费返佣仅私密展示且不可跨用户查询","FX-USER-CUSTOMER-A; FX-USER-CUSTOMER-B; FX-CONSUMPTION-PAGESET","GIVEN 用户 A 与 B 均有个人数据","WHEN A 从服务中心查询并尝试访问 B 的资源 ID","THEN A 的数据仅 ephemeral；API 只返回 A 的记录并拒绝 B 的对象；公共频道无余额、消费或返佣内容","SPEC-5; SPEC-10.1; SPEC-17.1","E2E_SECURITY"
"AT-REF-001","P0_BLOCKER","API","REFERRAL","有效一级返佣按 2% 生成并保存比例快照","FX-REFERRAL-2PCT; FX-ORDER-COMPLETED-10000","GIVEN 推荐关系在首笔消费前绑定且订单净消费为 10000 minor units","WHEN OrderCompleted 事件处理","THEN 生成一条 PENDING commission，base_amount_minor=10000、rate_bps=200、amount_minor=200；关系和比例快照不随后续规则变化","SPEC-6.7; SPEC-9; SPEC-17.3","API_DB_INTEGRATION"
"AT-REF-002","P0_HIGH","Unit","REFERRAL","5% 返佣金额使用整数计算","FX-REFERRAL-5PCT; FX-CONSUMPTION-ODD-AMOUNT","GIVEN 有效关系 rate_bps=500 且净消费为 12345 minor units","WHEN 计算一级返佣","THEN 按统一整数舍入策略得到 617 minor units并保存 base/rate/amount；不得使用浮点数","SPEC-6.7; SPEC-9; SPEC-18","UNIT_AUTO"
"AT-REF-003","P0_BLOCKER","API","REFERRAL","重复消费事件不重复返佣","FX-REFERRAL-2PCT; FX-CONSUMPTION-SOURCE-A","GIVEN 同一 source_type/source_id 的完成事件被重放","WHEN 两次处理返佣创建","THEN 来源唯一约束只保留一条 commission；第二次为幂等成功或冲突后返回现有记录","SPEC-9; SPEC-11.3; SPEC-17.3","API_DB_INTEGRATION"
"AT-REF-004","P0_HIGH","API","REFERRAL","无资格推荐关系被拒绝","FX-REFERRAL-INVALID-SELF; FX-REFERRAL-INVALID-DUPLICATE; FX-REFERRAL-INVALID-LATE","GIVEN 分别为自荐、相同 Discord/第三方账号互荐、已有推荐人和首笔消费后绑定","WHEN L3 调用 POST /admin/referrals","THEN 返回 422 REFERRAL_INELIGIBLE；不创建或替换关系；保留原关系；必要时记录风险事件","SPEC-6.7; SPEC-10.4; SPEC-17.3","API_DATA_DRIVEN"
"AT-REF-005","P0_BLOCKER","API","REFERRAL","退款通过 Adjustment 冲正返佣且不覆盖主记录","FX-COMMISSION-PENDING-A; FX-REFUND-PARTIAL","GIVEN 原消费已生成 PENDING 或 CONFIRMED commission","WHEN 对来源执行部分或全额退款","THEN 追加一条 CommissionAdjustment 并关联原 commission 与 sourceRefundId；原 commission 的 base/rate/amount 不被修改或删除；按主记录加 Adjustment 汇总后的净返佣与净消费一致","SPEC-6.7; SPEC-9; SPEC-17.3","API_DB_INTEGRATION"
"AT-EAR-001","P0_BLOCKER","API","EARNINGS","完成订单按结算快照生成待确认收益","FX-ORDER-PENDING-CONFIRMATION; FX-SERVICE-ACTIVE-V2","GIVEN 订单保存 V1 player_unit_payout_minor 快照且目录已更新到 V2","WHEN 订单完成","THEN 每个订单仅生成一条原始 PENDING player_earning；金额按 V1 单价和单位数计算；不自动支付","SPEC-3.10; SPEC-6.4; SPEC-9; SPEC-17.3","API_DB_INTEGRATION"
"AT-EAR-002","P0_HIGH","API","EARNINGS_RBAC","只有 L3+ 可确认和标记收益已支付","FX-EARNING-PENDING-A; FX-STAFF-L2; FX-STAFF-L3","GIVEN 一条 PENDING 陪玩收益","WHEN L2 与 L3 分别请求确认和标记 PAID","THEN L2 只读并被拒绝写入；L3 近期 step-up 后可执行且必须填写原因；状态历史和审计可追踪","SPEC-5.3; SPEC-10.4; SPEC-17.4","API_RBAC"
"AT-EAR-003","P0_BLOCKER","API","EARNINGS","退款创建收益 Adjustment 且原收益不可变","FX-EARNING-PAID-A; FX-REFUND-PARTIAL","GIVEN 原 PlayerEarning 已 CONFIRMED 或 PAID","WHEN 有权限员工完成含收益调整的退款结案","THEN 追加一条 PlayerEarningAdjustment 并关联原 playerEarningId 与 sourceRefundId；不创建第二条同 orderId 的 PlayerEarning；原金额和状态事实不可覆盖或硬删除；按主记录加 Adjustment 汇总后的净收益符合结案金额","SPEC-3.10; SPEC-6.5; SPEC-9; SPEC-17.3","API_DB_INTEGRATION"
"AT-RBAC-001","P0_HIGH","UAT","RBAC","L1 仅执行基础客服动作","FX-STAFF-L1; FX-STAFF-TASK-OPEN","GIVEN L1 登录 Dashboard 并在 Discord 客服卡片操作","WHEN 查看脱敏资料、认领自己的任务、联系用户、写备注和提交建议","THEN 所有允许动作成功且仅在个人 scope；导航和按钮与 capabilities 一致；动作均归因到真实 L1","SPEC-5.2; SPEC-13.3; SPEC-17.4","UAT_MANUAL"
"AT-RBAC-002","P0_BLOCKER","API","RBAC","L1 无法执行资金或破坏性操作","FX-STAFF-L1; FX-ORDER-ACCEPTED-A; FX-GIFT-REQUEST-1999","GIVEN L1 拥有有效会话","WHEN 尝试扣款、退款、批准/拒绝礼物、取消已接单订单、封禁、改价格、改权限或删除数据","THEN 每项返回 403；业务与资金均无变化；高风险拒绝尝试写入审计","SPEC-5.2; SPEC-5.3; SPEC-17.4","API_DATA_DRIVEN_RBAC"
"AT-RBAC-003","P0_BLOCKER","API","REFUND_RBAC","L2 可执行 ¥499 退款","FX-ORDER-REFUNDABLE; FX-STAFF-L2; FX-REFUND-499","GIVEN 合法退款金额为 49900 CNY minor units","WHEN L2 完成原因和确认后执行退款","THEN 在 L2 权限内幂等完成；不创建升级审批；退款与审计金额准确","SPEC-5.3; SPEC-14.2","API_BOUNDARY"
"AT-RBAC-004","P0_BLOCKER","API","REFUND_RBAC","L2 可执行 ¥500 退款","FX-ORDER-REFUNDABLE; FX-STAFF-L2; FX-REFUND-500","GIVEN 合法退款金额等于 50000 CNY minor units","WHEN L2 执行退款","THEN 在 L2 权限内完成且不升级审批；申请人、原因和 transaction_ref 被记录","SPEC-5.3; SPEC-5.4; SPEC-18","API_BOUNDARY"
"AT-RBAC-005","P0_BLOCKER","API","REFUND_RBAC","¥501 退款升级 L3","FX-ORDER-REFUNDABLE; FX-STAFF-L2; FX-REFUND-501","GIVEN 合法退款金额为 50100 CNY minor units","WHEN L2 尝试执行退款","THEN 返回 202 APPROVAL_PENDING；不调用第三方退款、不改变订单终态；L3 可在 step-up 有效后处理","SPEC-5.3; SPEC-5.4; SPEC-10.6","API_BOUNDARY"
"AT-RBAC-006","P0_BLOCKER","API","REFUND_RBAC","¥5,000 退款仅 L4 可直接执行","FX-ORDER-REFUNDABLE-5000; FX-STAFF-L4-A-STEPUP","GIVEN 退款金额为 500000 CNY minor units 且订单与退款预览版本有效","WHEN L4 填写原因并在近期 step-up/MFA 有效期内直接执行退款","THEN 仅 L4 可直接执行且允许同一人发起并执行，不要求不同人员复核；API 原子重校验订单、退款金额和业务版本后只退款一次；原因、step-up/MFA 事实及不可篡改审计完整保留","SPEC-5.4; SPEC-10.5; SPEC-17.4","API_APPROVAL_FLOW"
"AT-RBAC-007","P0_HIGH","API","RBAC","L2 无权修改目录返佣配置或人员权限","FX-STAFF-L2","GIVEN L2 有有效 Dashboard 会话","WHEN 调用目录、礼物价格、返佣规则、Role 映射或 staff role 写接口","THEN API 全部返回 403 且不产生配置版本；拒绝动作按权限码审计","SPEC-5.2; SPEC-5.3; SPEC-13.2","API_DATA_DRIVEN_RBAC"
"AT-RBAC-008","P0_HIGH","API","RBAC","L3 可维护业务目录但不能管理 L4 或集成密钥","FX-STAFF-L3-STEPUP","GIVEN L3 已完成 15 分钟内的二次验证","WHEN 创建服务双价格版本、调整礼物/返佣规则，并尝试授予 L4 或轮换密钥","THEN 业务配置操作成功并生成版本与审计；访问管理和集成密钥操作返回 403","SPEC-5.2; SPEC-5.3; SPEC-5.4","API_DATA_DRIVEN_RBAC"
"AT-RBAC-009","P0_BLOCKER","API","RBAC","L4 也不能硬删除财务和审计记录","FX-STAFF-L4-A-STEPUP; FX-FINANCIAL-RECORDS","GIVEN L4 管理员拥有最高权限","WHEN 尝试删除订单、交易、消费、收益、礼物、返佣、退款或 audit_logs","THEN API 无删除路由或返回 405/403；数据保持不变；纠错仅允许冲正、归档或追加更正","SPEC-5.2; SPEC-13.6; SPEC-17.4","API_SCHEMA_SECURITY"
"AT-RBAC-010","P0_BLOCKER","API","RBAC","L1-L4 权限按等级累积继承","FX-STAFF-L1; FX-STAFF-L2; FX-STAFF-L3-STEPUP; FX-STAFF-L4-A-STEPUP","GIVEN L1、L2、L3、L4 各自拥有有效会话和代表其等级的允许操作","WHEN 依次由 L2 执行 L1 操作、L3 执行 L2 操作、L4 执行 L3 操作","THEN 明确验证 L2 执行 L1、L3 执行 L2、L4 执行 L3 均成功；高等级同时继承全部更低等级 capabilities；API 与 Dashboard 能力矩阵一致且每次动作审计归因真实 actor","BASELINE-RBAC; SPEC-5.2; SPEC-17.4","API_DATA_DRIVEN_RBAC"
"AT-RBAC-011","P0_BLOCKER","API","RBAC","高额操作不要求发起与执行人员分离","FX-ORDER-REFUNDABLE-5000; FX-GIFT-REQUEST-5000; FX-STAFF-L4-A-STEPUP","GIVEN L4 对金额大于或等于 500000 CNY minor units 的退款或礼物操作填写了原因","WHEN 同一 L4 在近期 step-up/MFA 有效期内发起并执行高额操作","THEN 允许同一人发起并执行；不要求不同人员复核；L4 可直接执行高额操作；执行前重校验业务版本并完整保留不可篡改审计","BASELINE-RBAC; SPEC-5.4; SPEC-10.5; SPEC-17.4","API_RBAC"
"AT-ROL-001","P0_BLOCKER","API","ROLE_SYNC","L1 和 L2 Discord Role 自动生效","FX-ROLE-MAPPINGS; FX-DISCORD-MEMBER-NO-STAFF","GIVEN 成员先获得 L1 Role 后再获得 L2 Role","WHEN Bot 通过启动对账或 guildMemberUpdate 调用 role-sync","THEN 自动创建/更新内部 staff_account 到对应级别；记录映射版本；permissions_version 增加且旧会话撤销","SPEC-5.7; SPEC-10.5; SPEC-17.4","API_ROLE_SYNC"
"AT-ROL-002","P0_BLOCKER","API","ROLE_SYNC","首次 L3 Role 仅产生待确认升级","FX-ROLE-MAPPINGS; FX-STAFF-L2; FX-DISCORD-ROLE-L3","GIVEN L2 首次获得 L3 Discord Role","WHEN role-sync 执行","THEN effective level 仍为 L2；requested_level=L3_OPERATIONS；返回 ROLE_ELEVATION_PENDING；仅现有 L4 批准后升级并撤销会话","SPEC-5.7; SPEC-10.6; SPEC-17.4","API_ROLE_SYNC"
"AT-ROL-003","P0_BLOCKER","API","ROLE_SYNC","首次 L4 Role 由另一现有 L4 确认","FX-ROLE-MAPPINGS; FX-STAFF-L3; FX-STAFF-L4-A","GIVEN L3 首次获得 L4 Discord Role且系统已有 L4 A","WHEN role-sync 后 L4 A 批准升级","THEN 确认前仍为 L3；批准人与目标员工不同；批准后成为 L4并撤销旧会话；全部事件只追加","SPEC-5.7; SPEC-10.5; SPEC-17.4","API_ROLE_SYNC"
"AT-ROL-004","P0_BLOCKER","E2E","ROLE_SYNC","Role 降级或移除立即撤权","FX-STAFF-L3-ACTIVE-SESSION; FX-ROLE-MAPPINGS","GIVEN L3 员工有活跃 Dashboard 会话","WHEN Discord Role 被移除或只剩 L1 Role","THEN 内部权限立即降到 L1或撤销；permissions_version 增加；所有旧会话返回 401；高级按钮消失且后续 API 按低级别拒绝","SPEC-5.7; SPEC-12; SPEC-17.4","E2E_ROLE_SYNC"
"AT-ROL-005","P0_HIGH","API","ROLE_SYNC","最高 Discord Role 不直接构成业务授权","FX-STAFF-L2; FX-DISCORD-ROLE-L4-PENDING","GIVEN 成员同时拥有 L2 与 L4 Role但 L4 尚未确认","WHEN 其通过 Bot 或 Dashboard 请求 L4 操作","THEN API 读取内部 effective level=L2 并拒绝；客户端提交 Role ID 或 requested_level 不改变授权","SPEC-5.7; SPEC-10.1; SPEC-17.4","API_SECURITY"
"AT-AUTH-001","P0_BLOCKER","API","AUTHORIZATION","伪造 Bot Actor Header 无法越权","FX-BOT-TOKEN-INVALID; FX-ACTOR-HEADERS-L4","GIVEN 外部请求伪造 X-Actor-Discord-User-Id、level、staff_id 和 L4 Role ID","WHEN 使用无效或普通 Token 调用业务/管理接口","THEN 返回 401；不解析伪造操作者、不执行业务；记录 client_id、interaction_id 和拒绝原因且不泄露敏感对象","SPEC-10.1; SPEC-11.2; SPEC-17.4","API_SECURITY"
"AT-AUTH-002","P0_BLOCKER","API","AUTHORIZATION","Dashboard 忽略浏览器自报角色","FX-STAFF-L1-SESSION","GIVEN L1 会话在请求体或 Header 自报 L4 level/permission","WHEN 调用高风险管理接口","THEN API 只从服务端会话和数据库读取 L1；返回 403；前端显示或隐藏按钮不影响结果","SPEC-10.1; SPEC-17.4","API_SECURITY"
"AT-AUTH-003","P0_BLOCKER","API","AUTHORIZATION","对象归属阻止跨用户访问和操作","FX-USER-CUSTOMER-A; FX-USER-CUSTOMER-B; FX-ORDER-CUSTOMER-B","GIVEN 客户 A 获得客户 B 的 order_id、gift_request_id 或 consumption cursor","WHEN A 通过 Bot Actor Context 请求查看、取消、确认或送礼","THEN 返回 403/404 且不泄露 B 的数据或对象状态；记录拒绝原因","SPEC-10.1; SPEC-17.4","API_SECURITY"
"AT-WHK-001","P0_BLOCKER","API","WEBHOOK","重复 Webhook 幂等处理","FX-WEBHOOK-CHARGE-SUCCEEDED","GIVEN 同一 DEBIT_UPDATED 且 status=SUCCEEDED 的 provider event_id/external_ref 回调发送三次","WHEN Webhook 验签通过并处理","THEN ORDER_CHARGE/GIFT_CHARGE 镜像、本地消费、收益/返佣副作用各至多一次；事件 type 与 status 分字段保存；重复事件记录为已处理而非报错","SPEC-11.1; SPEC-11.3; SPEC-17.5","API_WEBHOOK"
"AT-WHK-002","P0_BLOCKER","API","WEBHOOK","乱序扣款与退款回调保持最终一致","FX-WEBHOOK-REFUND-BEFORE-CHARGE","GIVEN REFUND_UPDATED/status=SUCCEEDED 早于对应 DEBIT_UPDATED/status=SUCCEEDED 到达","WHEN 系统先后处理两个已验签事件","THEN 退款交易过程状态独立保持 SUCCEEDED；原扣款聚合状态按金额派生为 PARTIALLY_REFUNDED 或 REFUNDED，且不会被迟到的 DEBIT_UPDATED 降回未退款；消费与 CommissionAdjustment 幂等一致","SPEC-11.1; SPEC-12; SPEC-17.5","API_WEBHOOK_SEQUENCE"
"AT-WHK-003","P0_BLOCKER","API","WEBHOOK","无效签名或过期回调被拒绝","FX-WEBHOOK-BAD-SIGNATURE; FX-WEBHOOK-EXPIRED","GIVEN 回调签名无效或时间窗口过期","WHEN 请求 Webhook 入口","THEN 返回 401/400；不写交易状态或业务副作用；记录安全事件但不记录签名密钥或原始敏感载荷","SPEC-14.3; SPEC-17.5","API_SECURITY"
"AT-REC-001","P0_HIGH","API","PROVIDER_RECOVERY","余额查询超时可安全重试","FX-PROVIDER-BALANCE-TIMEOUT","GIVEN 第三方 getProviderBalance 超时且未返回业务结果","WHEN 用户查询余额或提交前余额校验","THEN 显示服务暂不可用；不假设余额或扣款成功；保存 request_id；重试不创建交易或订单状态副作用","SPEC-12; SPEC-17.5","API_FAULT_INJECTION"
"AT-REC-002","P0_BLOCKER","API","PROVIDER_RECOVERY","预留捕获结果未知按原幂等键恢复","FX-RESERVATION-ORDER-CAPTURE; FX-PROVIDER-CHARGE-UNKNOWN","GIVEN 服务完成时捕获预留的 captureHold 或 createReservationDebit 请求超时但第三方实际可能成功","WHEN 后台按原幂等键调用 getHold 或 getTransaction 对账并重试完成动作","THEN 订单锁定重复完成；所有重试沿用原键；确认 SUCCEEDED 后只保留一条 ORDER_CHARGE、一条消费和一次 reservation CAPTURED；确认 FAILED 后进入 EXCEPTION且不重复扣款","BASELINE-FUNDS; SPEC-11.3; SPEC-12; SPEC-17.5","API_FAULT_INJECTION"
"AT-REC-003","P0_HIGH","E2E","RECOVERY","删除的订单面板可从数据库重建","FX-ORDER-IN-SERVICE; FX-DISCORD-PANEL-DELETED","GIVEN Discord 常驻面板被删除而订单数据库完整","WHEN 管理员触发面板修复 Job","THEN 按当前订单状态、金额快照和允许动作重建面板并更新 panel_message_id；不修改订单状态或资金记录","SPEC-1; SPEC-12; SPEC-17.5","E2E_DISCORD_RECOVERY"
"AT-REC-004","P0_BLOCKER","E2E","RECOVERY","Bot 重启后恢复未完成 Outbox 与交互状态","FX-GIFT-CAPTURED-UNANNOUNCED; FX-ORDER-PENDING-DISPATCH","GIVEN Bot 在礼物捕获成功未播报及订单派单过程中重启","WHEN Sapphire Bot 和 Job Worker 恢复","THEN 从 API/数据库恢复待处理 Job；播报和面板最终同步；不重复捕获、消费、派单轮次或接单","SPEC-4; SPEC-11.3; SPEC-17.5","E2E_RESTART_RECOVERY"
"AT-REC-005","P0_BLOCKER","UAT","BACKUP_RECOVERY","测试环境完成数据库备份恢复演练","FX-DATABASE-SNAPSHOT-A","GIVEN 测试库包含订单、交易、礼物、返佣、收益、任务和审计样本","WHEN 执行备份、清空隔离恢复库、恢复并启动 API/Bot","THEN 核心表行数和引用完整；活跃订单可继续；不可变流水校验一致；恢复过程不使用生产密钥或真实个人数据","SPEC-14; SPEC-17.5","UAT_RUNBOOK"
"AT-AUD-001","P0_BLOCKER","API","AUDIT","所有后台写操作和高风险拒绝尝试可追溯","FX-STAFF-L1; FX-STAFF-L3; FX-ORDER-ACCEPTED-A","GIVEN 分别从 Discord Bot 与 Dashboard 执行允许写操作和被拒绝高风险操作","WHEN 查询对应 audit_logs","THEN 每条含 actor_id、actor_level、actor_source、client_id、permission_code、target、before/after、reason、request_id及可选 interaction_id/approval_id","SPEC-9; SPEC-12.1; SPEC-17.5","API_AUDIT_ASSERTION"
"AT-AUD-002","P0_BLOCKER","Unit","AUDIT","日志和 fixtures 不含密钥及敏感值","FX-SECRET-SENTINELS","GIVEN 请求含 Bot Token、第三方 Key、一次性绑定码和支付敏感字段的哨兵值","WHEN 触发成功、验证失败、超时和异常日志","THEN 应用日志与 audit_logs 不出现任何哨兵原文；仅保留散列、掩码或 request_id","SPEC-12.1; SPEC-14.3; SPEC-17.5","LOG_SCAN_AUTO"
"AT-AUD-003","P0_BLOCKER","API","AUDIT","财务和审计记录只追加不可硬删除","FX-FINANCIAL-RECORDS; FX-STAFF-L4-A-STEPUP","GIVEN 订单、交易、消费、礼物、返佣、收益、Adjustment 和审计记录已存在","WHEN 执行纠错、冲正并尝试直接 UPDATE 主记录金额或 DELETE","THEN 业务接口只追加 PlayerEarningAdjustment、CommissionAdjustment 或其他更正记录；数据库权限阻止应用角色删除或覆盖不可变主记录；原记录完整保留","SPEC-5.4; SPEC-9; SPEC-13.6; SPEC-17.4","DB_INTEGRATION_SECURITY"
"AT-AUD-004","P0_HIGH","API","AUDIT","Bot 与 Dashboard 同一用例产生一致业务与审计结果","FX-STAFF-L2; FX-GIFT-REQUEST-2000","GIVEN 同一 L2 可从 Discord 客服卡片或 Dashboard 批准相同礼物","WHEN 在隔离数据上分别经两个客户端调用统一 API","THEN 状态迁移、金额阈值、幂等键、权限结果和审计字段一致；差异仅为 client_id/actor_source/interaction_id","SPEC-1; SPEC-10.1; SPEC-17.4","CONTRACT_PARITY_AUTO"
"AT-PL-001","P0_BLOCKER","E2E","ORDER_CONFIRMATION","提交前完整展示结构化需求","FX-ORDER-CONFIRMATION-SUMMARY; FX-SERVICE-ACTIVE-V1","GIVEN 客户已填写即时单的游戏、服务、区服、时长、标签和备注","WHEN Bot 刷新最终确认面板","THEN 同一面板完整展示全部需求、价格快照、providerBalanceMinor、reservedMinor、availableMinor 与取消规则；缺项时提交按钮禁用","PL-01","E2E_DISCORD"
"AT-PL-002","P0_BLOCKER","API","BALANCE_RESERVATION","余额摘要与有效预留一致","FX-BALANCE-SUMMARY; FX-RESERVATION-ORDER-PENDING; FX-RESERVATION-GIFT-PENDING","GIVEN 第三方余额和订单、礼物两笔有效预留已存在","WHEN Bot 或 Dashboard 调用统一余额摘要 API","THEN 响应字段固定为 providerBalanceMinor、reservedMinor、availableMinor、currency、fetchedAt，且 availableMinor=providerBalanceMinor-reservedMinor","PL-02","API_DB_INTEGRATION"
"AT-PL-003","P0_BLOCKER","E2E","MATCHING","用户可见匹配阶段与下一步","FX-MATCHING-PROGRESS","GIVEN 即时订单正在候选筛选与通知阶段","WHEN 匹配阶段、已通知候选数或超时动作变化","THEN 私密订单面板显示当前阶段、候选通知数、剩余时间和超时下一步；接单后显示获胜陪玩摘要与用户下一动作","PL-03","E2E_DISCORD"
"AT-PL-004","P0_BLOCKER","E2E","PLAYER_WORKBENCH","陪玩工作台形成最小接单闭环","FX-PLAYER-WORKBENCH","GIVEN 陪玩已绑定档案且拥有服务资格","WHEN 陪玩打开工作台并切换在线、可接单状态后查看匹配订单","THEN 页面显示资格、状态、当前订单、匹配需求、倒计时、收益摘要和可执行下一步，所有写操作经统一 API","PL-04","E2E_DASHBOARD"
"AT-PL-005","P0_BLOCKER","E2E","READINESS","双方就绪后才进入服务中","FX-READINESS-NONE; FX-READINESS-BOTH","GIVEN 已接单订单初始双方均未就绪","WHEN 用户和陪玩分别确认就绪","THEN 单方确认均不开始计费；第二方确认后 API 只执行一次 ACCEPTED 到 IN_SERVICE 迁移并记录双方时间","PL-05","E2E_DISCORD_API"
"AT-PL-006","P0_BLOCKER","E2E","CANCELLATION_PREVIEW","取消前展示可执行影响预览","FX-CANCELLATION-PREVIEW-AUTO; FX-CANCELLATION-PREVIEW-MANUAL","GIVEN 客户分别对可自动取消和需客服处理的订单发起取消","WHEN Bot 获取最新取消预览","THEN 执行前展示是否可自动处理、预计释放或退款金额、处理方式、时效和 previewToken；确认后 API 原子复核订单与预留版本","PL-06","E2E_DISCORD_API"
"AT-RES-001","P0_BLOCKER","API","FUND_RESERVATION","提交订单原子创建预留","FX-ORDER-DRAFT-A; FX-RESERVATION-ORDER-PENDING","GIVEN 草稿订单价格快照有效且可用余额充足","WHEN 客户确认提交即时订单","THEN 同一事务创建绑定 order_id、幂等键、版本和金额的 PENDING FundReservation，并进入 PENDING_DISPATCH；未捕获资金","PL-02; BASELINE-FUNDS","API_DB_TRANSACTION"
"AT-RES-002","P0_BLOCKER","Unit","BALANCE_RESERVATION","可用余额由第三方余额减有效预留派生","FX-BALANCE-SUMMARY","GIVEN providerBalanceMinor=300000 且有效预留合计 reservedMinor=210000","WHEN 计算余额摘要","THEN availableMinor=90000，结果不读取或写入可手工编辑的 pending 余额字段，货币维度严格一致","PL-02; BASELINE-FUNDS","UNIT_TABLE_DRIVEN"
"AT-RES-003","P0_BLOCKER","API","FUND_RESERVATION","并发订单与礼物不能超支","FX-RESERVATION-CONCURRENT-OVERSPEND","GIVEN 可用余额只够订单或礼物其中一笔","WHEN 两个请求在真实数据库事务中同时创建预留","THEN 仅一个请求成功且只有一条有效预留；另一请求返回余额不足；availableMinor 不为负且重试沿用各自幂等键","PL-02; BASELINE-FUNDS","API_DB_CONCURRENCY"
"AT-RES-004","P0_BLOCKER","API","FUND_RESERVATION","取消或待派单预留到期只释放一次","FX-RESERVATION-ORDER-RELEASE","GIVEN 待派单订单拥有 PENDING 预留","WHEN 客户取消、30 分钟预留到期、拒绝或失败事件被重复处理","THEN 预留从 PENDING 只迁移一次到 RELEASED；reservedMinor 减少一次；不产生 ORDER_REFUND 或重复释放；5 分钟派单轮次超时不触发本用例","BASELINE-FUNDS; BASELINE-CANCELLATION","API_IDEMPOTENCY"
"AT-RES-005","P0_BLOCKER","API","FUND_RESERVATION","服务完成捕获订单预留","FX-RESERVATION-ORDER-CAPTURE","GIVEN 服务中订单拥有 PENDING 预留且双方确认完成","WHEN API 原子结案","THEN 预留变为 CAPTURED；只创建一条 ORDER_CHARGE、消费、陪玩收益和适用返佣；重复完成无额外副作用","BASELINE-FUNDS; BASELINE-SERVICE","API_DB_TRANSACTION"
"AT-RES-006","P0_BLOCKER","API","FUND_RESERVATION","争议期间保持预留","FX-RESERVATION-DISPUTE","GIVEN 订单进入争议且资金尚未结案","WHEN 自动任务或任一普通角色尝试释放或捕获","THEN reservation 保持 DISPUTED；不生成消费、退款或收益；仅有权限的结案 API 可改变生命周期","BASELINE-FUNDS; BASELINE-SUPPORT","API_RBAC_STATE"
"AT-RES-007","P0_BLOCKER","API","FUND_RESERVATION","部分结案分别捕获与释放剩余金额","FX-RESERVATION-PARTIAL-RESOLUTION","GIVEN 争议预留金额 20000 且决议捕获 12000、释放 8000 minor units","WHEN L2 或更高权限执行合法结案","THEN 同一事务记录捕获 12000 和释放 8000 的追加事实；总和等于原预留；余额、消费和收益按决议一致","BASELINE-FUNDS; BASELINE-SUPPORT","API_DB_TRANSACTION"
"AT-RES-008","P0_BLOCKER","API","GIFT_RESERVATION","创建礼物请求立即预留","FX-RESERVATION-GIFT-PENDING","GIVEN 用户选择有效礼物与订单当前陪玩且可用余额充足","WHEN 创建礼物请求","THEN 同一事务创建 PENDING 礼物预留和客服任务；reservedMinor 立即增加；不创建 GIFT_CHARGE 或播报","BASELINE-FUNDS; BASELINE-GIFT","API_DB_TRANSACTION"
"AT-RES-009","P0_BLOCKER","API","GIFT_RESERVATION","礼物批准捕获既有预留","FX-RESERVATION-GIFT-PENDING; FX-GIFT-REQUEST-2000; FX-STAFF-L2","GIVEN ¥2,000 礼物已人工核对并绑定 PENDING reservation_id","WHEN L2 批准礼物","THEN API 捕获该预留并创建一条 GIFT_CHARGE、消费和 Outbox；不新建第二笔预留或重新人工计算余额","BASELINE-FUNDS; BASELINE-GIFT","API_DB_TRANSACTION"
"AT-RES-010","P0_BLOCKER","API","GIFT_RESERVATION","礼物拒绝过期或撤回释放预留","FX-RESERVATION-GIFT-RELEASE","GIVEN 礼物请求拥有 PENDING 预留","WHEN 有权限员工拒绝、系统到期或用户在允许阶段撤回且事件被重放","THEN 预留只释放一次，礼物进入对应终态，reservedMinor 恢复且不生成 GIFT_CHARGE、消费或播报","BASELINE-FUNDS; BASELINE-GIFT","API_IDEMPOTENCY"
"AT-RES-011","P0_BLOCKER","API","GIFT_RESERVATION","礼物金额超过可用余额禁止确认","FX-GIFT-RESERVATION-INSUFFICIENT","GIVEN 礼物价格大于 availableMinor","WHEN 用户打开确认面板或提交礼物请求","THEN 确认按钮禁用且 API 仍返回余额不足、差额和充值入口；不创建礼物、预留或客服任务","BASELINE-FUNDS; BASELINE-GIFT","API_BOUNDARY"
"AT-WRK-001","P0_HIGH","E2E","PLAYER_WORKBENCH","工作台字段完整且不泄露客户敏感信息","FX-PLAYER-WORKBENCH","GIVEN 有资格陪玩打开 Dashboard 工作台","WHEN 加载当前订单与匹配订单","THEN 显示服务资格、在线/可接单、需求摘要、倒计时、收益摘要和下一步；仅展示接单必要的脱敏客户信息","PL-04","E2E_DASHBOARD"
"AT-WRK-002","P0_BLOCKER","API","PLAYER_WORKBENCH","在线且可接单状态决定候选资格","FX-PLAYER-WORKBENCH; FX-PLAYER-ACTIVE-AVAILABLE","GIVEN 陪玩资格有效且 Discord 在线状态可用","WHEN 陪玩分别切换 available true 与 false","THEN 统一 API 更新可接单状态并审计；只有在线且 available=true 时进入匹配候选","PL-04; BASELINE-MATCHING","API_AUTO"
"AT-WRK-003","P0_BLOCKER","E2E","PLAYER_WORKBENCH","无资格或忙碌陪玩不能接单","FX-PLAYER-WORKBENCH; FX-PLAYER-POOL","GIVEN 候选包含无资格、离线或已有活跃订单的陪玩","WHEN 派单卡出现或陪玩直接调用接单接口","THEN 客户端不展示不可接订单且 API 返回 403/409；订单与候选状态不变并记录拒绝原因","PL-04; BASELINE-MATCHING","E2E_DASHBOARD_API"
"AT-MAT-001","P0_HIGH","E2E","MATCHING","匹配过程展示候选数量与超时动作","FX-MATCHING-PROGRESS","GIVEN 订单依次经历筛选、通知和等待接单阶段","WHEN Worker 推进 matching stage","THEN 用户面板按 API 事实更新 stage、notifiedCandidateCount、deadlineAt 与 timeoutAction，Bot 不自行推断候选或时间","PL-03","E2E_DISCORD"
"AT-MAT-002","P0_BLOCKER","E2E","MATCHING","唯一接单后展示陪玩与下一步","FX-MATCHING-PROGRESS; FX-PLAYER-ACTIVE-AVAILABLE","GIVEN 多名合格候选收到同一派单","WHEN 一名陪玩成功接单","THEN 其余按钮失效；用户面板显示获胜陪玩资料摘要、双方就绪操作和客服入口；频道只加入获胜陪玩","PL-03; BASELINE-MATCHING","E2E_DISCORD"
"AT-RDY-001","P0_BLOCKER","API","READINESS","仅用户就绪不开始服务","FX-READINESS-CUSTOMER-ONLY","GIVEN ACCEPTED 订单只有 customerReadyAt","WHEN 查询或重复提交用户就绪","THEN 状态保持 ACCEPTED、未生成开始计费或捕获记录，并返回等待陪玩的下一步","PL-05","API_STATE_MACHINE"
"AT-RDY-002","P0_BLOCKER","API","READINESS","仅陪玩就绪不开始服务","FX-READINESS-PLAYER-ONLY","GIVEN ACCEPTED 订单只有 playerReadyAt","WHEN 查询或重复提交陪玩就绪","THEN 状态保持 ACCEPTED、未生成开始计费或捕获记录，并返回等待用户的下一步","PL-05","API_STATE_MACHINE"
"AT-RDY-003","P0_BLOCKER","E2E","READINESS","第二方就绪原子开始服务","FX-READINESS-BOTH","GIVEN ACCEPTED 订单已有一方就绪","WHEN 另一方确认就绪且并发重放请求","THEN 只发生一次 ACCEPTED 到 IN_SERVICE；startedAt 固定；双方收到更新；资金仍为预留而非捕获","PL-05; BASELINE-SERVICE","E2E_DISCORD_API"
"AT-RDY-004","P0_BLOCKER","E2E","READINESS","就绪超时转客服且不计费","FX-READINESS-TIMEOUT","GIVEN ACCEPTED 订单在 deadlineAt 前未达到双方就绪","WHEN ReadinessTimeout Job 执行或重放","THEN 订单不进入 IN_SERVICE；创建且仅创建一个客服任务；自动化暂停；预留保持，用户与陪玩收到下一步提示","PL-05; BASELINE-SUPPORT","E2E_JOB_FAULT"
"AT-RDY-005","P0_BLOCKER","API","READINESS","兼容开始接口不能由陪玩单方面调用","FX-ORDER-ACCEPTED-A; FX-READINESS-PLAYER-ONLY","GIVEN 陪玩已就绪但用户未就绪","WHEN 陪玩调用旧 start 接口或伪造用户就绪字段","THEN API 返回 403/409；状态保持 ACCEPTED；Actor Context 与对象归属校验被审计","PL-05; BASELINE-COMPATIBILITY","API_SECURITY"
"AT-CXL-001","P0_BLOCKER","API","CANCELLATION_PREVIEW","可自动取消预览返回释放金额","FX-CANCELLATION-PREVIEW-AUTO","GIVEN 待派单订单仅存在有效预留且符合自动取消规则","WHEN 调用取消预览 API","THEN 返回 automatable=true、estimatedReleaseMinor、estimatedRefundMinor=0、处理方式、预计时效、previewToken 和 expiresAt","PL-06; BASELINE-CANCELLATION","API_CONTRACT"
"AT-CXL-002","P0_BLOCKER","API","CANCELLATION_PREVIEW","已接单取消预览指向客服处理","FX-CANCELLATION-PREVIEW-MANUAL","GIVEN 已接单订单取消需要人工判断","WHEN 调用取消预览 API","THEN 返回 autoProcessable=false、预计释放或退款范围、SUPPORT_REVIEW、时效和客服申请动作，不直接改变订单或预留","PL-06; BASELINE-CANCELLATION","API_CONTRACT"
"AT-CXL-003","P0_BLOCKER","API","CANCELLATION_PREVIEW","过期业务版本拒绝执行旧预览","FX-CANCELLATION-PREVIEW-STALE","GIVEN 获取预览后订单、预留或金额版本已变化","WHEN 客户携带旧 previewToken 确认取消","THEN API 返回 409 STALE_CANCELLATION_PREVIEW 和最新摘要；不释放、退款或改状态；客户端必须重新确认","PL-06; BASELINE-CANCELLATION","API_CONCURRENCY"
"AT-CXL-004","P0_BLOCKER","API","CANCELLATION_PREVIEW","过期或跨订单预览不可复用","FX-CANCELLATION-PREVIEW-EXPIRED","GIVEN preview 已过 expiresAt 或其 orderId 与请求对象不同","WHEN 客户确认取消","THEN 返回 409/422；不执行任何资金或状态副作用；记录 request_id 但不泄露其他订单数据","PL-06; BASELINE-CANCELLATION","API_SECURITY"
"AT-SUP-005","P0_BLOCKER","E2E","SUPPORT_TAKEOVER","客服接管暂停默认自动化并保持预留","FX-SUPPORT-AUTOMATION-PAUSED","GIVEN 订单处于派单、就绪或取消自动流程且客服认领任务","WHEN L1 点击接管并填写原因","THEN API 设置 automationPaused=true、记录任务和审计；Worker 不再推进自动动作；现有预留保持且 L1 无资金权限","BASELINE-P0; BASELINE-SUPPORT","E2E_DASHBOARD_API"
"AT-SUP-006","P0_BLOCKER","E2E","SUPPORT_TAKEOVER","恢复自动化前重新校验业务事实","FX-SUPPORT-AUTOMATION-RESUMABLE","GIVEN 客服处理完成且订单仍可自动继续","WHEN L2 或有权限员工点击恢复自动化","THEN API 重新校验订单版本、候选、就绪、余额与预留；通过后从明确 resumeAction 继续，不通过则保持暂停并返回原因","BASELINE-P0; BASELINE-SUPPORT","E2E_DASHBOARD_API"
"AT-RFP-001","P0_BLOCKER","API","REFERRAL_PROGRAM","推广者固定额首购返佣只结算一次","FX-REFERRAL-PROMOTER-FIXED","GIVEN 被推荐用户绑定 PROMOTER_FIRST_PURCHASE 固定额计划且首次符合条件净消费完成","WHEN 相同消费事件重复或后续消费到达","THEN 仅生成一条固定金额 Commission 主记录并永久标记计划已结算；重复事件无额外返佣","BASELINE-REFERRAL","API_IDEMPOTENCY"
"AT-RFP-002","P0_BLOCKER","API","REFERRAL_PROGRAM","推广者首笔净消费百分比返佣","FX-REFERRAL-PROMOTER-PERCENT","GIVEN PROMOTER_FIRST_PURCHASE 配置按首笔符合条件净消费百分比结算","WHEN 首笔订单完成并出现后续订单或礼物","THEN 按 basis points 对首笔净额向下取整且只结算一次；后续消费不再产生该计划返佣","BASELINE-REFERRAL","API_MONEY_CALC"
"AT-RFP-003","P0_BLOCKER","API","REFERRAL_PROGRAM","陪玩长期计划覆盖符合条件订单与礼物","FX-REFERRAL-PLAYER-LIFETIME","GIVEN 被推荐用户绑定 PLAYER_LIFETIME 且计划允许净订单和净礼物消费","WHEN 多笔符合条件消费依次完成并发生重复事件","THEN 每个业务来源最多一条 Commission 主记录，均使用计划快照比例，重复事件不重复返佣","BASELINE-REFERRAL","API_DB_INTEGRATION"
"AT-RFP-004","P0_BLOCKER","API","REFERRAL_PROGRAM","两个返佣来源互斥","FX-REFERRAL-MUTEX","GIVEN 用户已有一个有效 PROMOTER_FIRST_PURCHASE 或 PLAYER_LIFETIME 来源","WHEN L3 尝试绑定另一个有效来源或并发绑定两种计划","THEN 唯一约束只允许一个来源；失败请求不产生半成品；绑定、拒绝与改绑尝试写审计","BASELINE-REFERRAL","API_DB_CONCURRENCY"
"AT-RFP-005","P0_BLOCKER","E2E","REFERRAL_PRIVACY","被推荐用户端全链路不泄露返佣关系","FX-REFERRAL-CONFIDENTIAL","GIVEN 客户是某返佣计划的被推荐用户","WHEN 其查看用户 API、Discord 面板、错误、通知、消费历史和可下载响应","THEN 不出现受益人、关系类型、比例、金额或状态；对象不存在与无权访问错误不可用于探测关系","BASELINE-REFERRAL","E2E_PRIVACY_SCAN"
"AT-RFP-006","P0_HIGH","API","REFERRAL_PRIVACY","受益人只看自己的脱敏收益","FX-REFERRAL-BENEFICIARY-VIEW","GIVEN 推广者或陪玩作为返佣受益人","WHEN 查询自己的返佣收益","THEN 只返回归属自己的金额与状态，来源用户按规则脱敏；不可反查联系方式、订单私密频道或其他受益人记录","BASELINE-REFERRAL","API_DATA_SCOPE"
"AT-RFP-007","P0_HIGH","API","REFERRAL_RBAC","L1-L4 按级别访问返佣资料","FX-REFERRAL-CONFIDENTIAL; FX-STAFF-L1; FX-STAFF-L2; FX-STAFF-L3; FX-STAFF-L4-A","GIVEN 四级员工分别打开同一返佣对象","WHEN 查询、绑定、纠错或确认返佣","THEN L1 看不到受益人与金额；L2 仅按已分配任务有限查看；L3/L4 可按权限绑定、纠错、确认和审计；每次访问均记录 scope","BASELINE-REFERRAL; BASELINE-RBAC","API_DATA_DRIVEN_RBAC"
"AT-RFP-008","P0_BLOCKER","API","REFERRAL_ADJUSTMENT","退款通过非负 Adjustment 冲正返佣","FX-REFERRAL-ADJUSTMENT","GIVEN 已存在 Commission 主记录且关联消费发生退款","WHEN REFUND_UPDATED/status=SUCCEEDED 被幂等处理","THEN 追加一条 amountMinor 为非负绝对值的 CommissionAdjustment，由 type 表示方向；原 Commission 不覆盖、不删除、不创建第二条主记录","BASELINE-REFERRAL; BASELINE-ADJUSTMENT","API_DB_INTEGRATION"
"AT-TML-001","P0_BLOCKER","API","TRANSACTION_TIMELINE","订单业务事实形成统一时间线","FX-TRANSACTION-TIMELINE; FX-TRANSACTION-CHARGED","GIVEN 订单已经历预留、接单、双方就绪、捕获、消费、收益、返佣和退款冲正","WHEN 有权限员工查询业务时间线","THEN 按 occurredAt 稳定排序并关联 sourceId、request_id 和 actor；退款交易状态与原扣款聚合退款状态分开展示；Adjustment 作为追加事件展示","BASELINE-P0; BASELINE-TIMELINE","API_CONTRACT"
"AT-TML-002","P0_HIGH","API","TRANSACTION_TIMELINE","时间线按角色脱敏","FX-TRANSACTION-TIMELINE-REDACTED; FX-STAFF-L1; FX-STAFF-L3","GIVEN 同一时间线含资金、返佣受益人和内部审计字段","WHEN L1 与 L3 分别查询","THEN L1 仅见任务所需事件且资金、返佣敏感字段隐藏；L3 见获授权详情；双方响应不包含密钥或不必要个人数据","BASELINE-TIMELINE; BASELINE-RBAC","API_DATA_SCOPE"
"AT-MET-001","P0_HIGH","API","METRICS","今日订单数口径可复算","FX-METRICS-SNAPSHOT","GIVEN 固定时区窗口内有 12 个已提交订单事实","WHEN 查询运营指标 API","THEN todayOrderCount=12，按提交时间和 America/Edmonton 窗口计算，不按当前状态或展示时区重复计数","BASELINE-METRICS","API_METRIC_RECONCILIATION"
"AT-MET-002","P0_HIGH","API","METRICS","进行中订单数口径可复算","FX-METRICS-SNAPSHOT","GIVEN 快照中有 3 个处于 PENDING_DISPATCH、ACCEPTED 或 IN_SERVICE 的订单","WHEN 查询运营指标 API","THEN activeOrderCount=3，已取消、已完成和已结案订单不计入","BASELINE-METRICS","API_METRIC_RECONCILIATION"
"AT-MET-003","P0_HIGH","API","METRICS","待处理任务数口径可复算","FX-METRICS-SNAPSHOT","GIVEN 快照中有 4 个未终结客服或审批任务","WHEN 查询运营指标 API","THEN pendingTaskCount=4，只统计可操作未终结状态，已完成或撤销任务不计入","BASELINE-METRICS","API_METRIC_RECONCILIATION"
"AT-MET-004","P0_HIGH","API","METRICS","已完成净消费扣除退款与冲正","FX-METRICS-SNAPSHOT","GIVEN 快照包含已完成订单消费、订单退款和对应调整事实","WHEN 查询运营指标 API","THEN completedNetConsumptionMinor=86000，使用同币种 minor units 的消费减退款口径，不直接汇总订单标价","BASELINE-METRICS","API_METRIC_RECONCILIATION"
"AT-MET-005","P0_HIGH","API","METRICS","礼物净消费独立统计","FX-METRICS-SNAPSHOT","GIVEN 快照包含已捕获礼物消费与礼物退款","WHEN 查询运营指标 API","THEN giftNetConsumptionMinor=22000，与订单净消费分开且不因播报状态重复或遗漏","BASELINE-METRICS","API_METRIC_RECONCILIATION"
"AT-MET-006","P0_HIGH","API","METRICS","预留总额只含有效预留","FX-METRICS-SNAPSHOT","GIVEN 指标快照的源事实同时包含 PENDING、CAPTURED 和 RELEASED 预留","WHEN 查询运营指标 API","THEN reservedTotalMinor=35000，只汇总窗口内当前有效 PENDING 记录并可与同口径余额摘要复核","BASELINE-METRICS; PL-02","API_METRIC_RECONCILIATION"
"AT-MET-007","P0_HIGH","API","METRICS","派单成功率使用已接受尝试除以总尝试","FX-METRICS-SNAPSHOT","GIVEN 窗口内 8 次派单尝试中 7 次被接受","WHEN 查询运营指标 API","THEN dispatchSuccessRateBps=8750，分母为已启动派单尝试且零分母有确定性返回值","BASELINE-METRICS","API_METRIC_RECONCILIATION"
"AT-MET-008","P0_HIGH","API","METRICS","异常数按唯一事件计数","FX-METRICS-SNAPSHOT","GIVEN 快照中有 2 个唯一未关闭异常事件且存在重试日志","WHEN 查询运营指标 API","THEN exceptionCount=2，同一异常的重试不重复计数，关闭状态按指标口径排除","BASELINE-METRICS","API_METRIC_RECONCILIATION"
"AT-UI-001","P0_BLOCKER","E2E","DISCORD_UI","账户绑定使用合规的原生 Modal","FX-GUILD; FX-USER-UNBOUND; FX-BINDING-CODE-VALID","GIVEN 未绑定用户从公共入口发起绑定","WHEN Sapphire Bot 返回账户绑定 Modal","THEN Modal 仅包含一个由 Label 包装的一次性绑定码 Text Input；顶层组件不超过 5 个；底部使用 Discord 原生提交和取消，不构造自定义按钮","SPEC-7.5; SPEC-17.1","E2E_DISCORD_COMPONENTS"
"AT-UI-002","P0_BLOCKER","E2E","DISCORD_UI","订单结构化选择在消息面板逐步完成","FX-GUILD; FX-USER-CUSTOMER-A; FX-ORDER-DRAFT-A; FX-SERVICE-ACTIVE-V1","GIVEN 用户已进入私密订单频道且订单为 DRAFT","WHEN 用户依次选择游戏、服务、区服、时长和标签","THEN 每项使用消息 String Select 提交；Bot 每次调用统一 API 后编辑原消息并加载下一组关联选项；不会尝试在打开的 Modal 内级联刷新","SPEC-6.2; SPEC-7.5","E2E_DISCORD_COMPONENTS"
"AT-UI-003","P0_BLOCKER","E2E","DISCORD_UI","补充备注 Modal 保持单字段纵向布局","FX-GUILD; FX-USER-CUSTOMER-A; FX-ORDER-DRAFT-A","GIVEN 用户在订单消息中点击填写补充备注","WHEN Bot 打开补充备注 Modal 并提交","THEN Modal 仅含由 Label 包装的可选 Text Input；无双栏和自定义按钮；提交后更新原订单消息并保留订单版本校验","SPEC-6.2; SPEC-7.5","E2E_DISCORD_COMPONENTS"
"AT-UI-004","P0_HIGH","E2E","DISCORD_UI","超过 25 个选项时使用消息分页或提交后搜索","FX-GUILD; FX-USER-CUSTOMER-A; FX-SERVICE-ACTIVE-V1","GIVEN 测试目录基于已启用服务生成超过 25 个可选项","WHEN 用户打开对应选择步骤","THEN 单个 String Select 不超过 25 项；系统提供消息分页，或先提交搜索词 Modal 后在新响应中返回结果；不在打开的 Modal 内实时搜索","SPEC-7.5","E2E_DISCORD_COMPONENTS"
"AT-UI-005","P0_HIGH","E2E","DISCORD_UI","送礼与取消确认使用私密消息而非复杂 Modal","FX-GUILD; FX-USER-CUSTOMER-A; FX-ORDER-IN-SERVICE; FX-GIFT-1999","GIVEN 用户从订单面板发起送礼或查看取消影响","WHEN 系统展示选择、金额影响和最终确认","THEN 礼物选择、余额差额、取消影响和确认按钮位于订单消息或 ephemeral 消息；Discord Modal 仅用于必要自由文本；Dashboard 高风险确认明确实现为网页 Dialog","SPEC-7.5; SPEC-17.3","E2E_DISCORD_COMPONENTS"
"AT-CFG-001","P0_BLOCKER","E2E","BOT_CONFIG","L3 运营修改日常频道配置","FX-GUILD; FX-STAFF-L3; FX-BOT","GIVEN L3 staff_account 有 bot_config.read 与 bot_config.operational.manage 且 /bot-config 读取到当前配置版本","WHEN L3 使用 Channel Select 修改 gift_broadcast_channel_id，经 validateBotConfigChange 预览后确认并由 updateBotConfig 提交","THEN API 按 staff_account 最终授权并应用运营字段、版本加一、返回审计引用，Bot 刷新 ephemeral 配置消息；紧接着发起的下一次礼物播报使用新频道而不是旧缓存","BOT-CONFIG-DESIGN-§2-5; ACCESS-01; ACCESS-02","E2E_DISCORD_API"
"AT-CFG-002","P0_BLOCKER","API","BOT_CONFIG","L4 累积继承 L3 配置权限","FX-GUILD; FX-STAFF-L4-A; FX-BOT","GIVEN L4 staff_account 拥有 bot_config.read、bot_config.operational.manage 与 bot_config.security.manage","WHEN L4 通过 getBotConfig 读取可管理字段并用 updateBotConfig 修改一个 L3 运营字段","THEN API 允许修改且保留真实 actor；L4 无需额外复制 L3 权限，权限结果与累积继承策略一致","BOT-CONFIG-DESIGN-§2; BASELINE-RBAC; ACCESS-01","API_RBAC"
"AT-CFG-003","P0_BLOCKER","API","BOT_CONFIG","L3 修改 Role 映射被 API 拒绝","FX-GUILD; FX-STAFF-L3; FX-ROLE-MAPPINGS","GIVEN L3 有 bot_config.read 与 bot_config.operational.manage 但没有 bot_config.security.manage","WHEN L3 通过 validateBotConfigChange 或 updateBotConfig 请求修改 staff_l4_role_id","THEN API 返回 403 PERMISSION_DENIED，配置版本与 Role 映射不变；客户端隐藏或禁用入口不能替代服务端拒绝","BOT-CONFIG-DESIGN-§2-3; ACCESS-01; ACCESS-02","API_RBAC"
"AT-CFG-004","P0_BLOCKER","E2E","BOT_CONFIG","频道配置使用 Discord Channel Select","FX-GUILD; FX-STAFF-L3; FX-BOT","GIVEN L3 打开 Guild-only /bot-config 的频道分类","WHEN 操作者选择 public_entry_channel_id 或 private_order_category_id 的新值","THEN Bot 使用 Discord Channel Select 提供当前 Guild 的适配频道，不要求或接受手工频道 ID；选择结果交给 validateBotConfigChange","BOT-CONFIG-DESIGN-§3.1; BOT-CONFIG-DESIGN-§4","E2E_DISCORD_COMPONENTS"
"AT-CFG-005","P0_BLOCKER","API","BOT_CONFIG","无效频道或 Bot 权限不足不保存","FX-GUILD; FX-STAFF-L3; FX-BOT","GIVEN 待选频道不属于当前 Guild、类型不符合用途，或 Bot 缺少查看、发送消息或管理频道所需权限","WHEN 调用 validateBotConfigChange，或用 testBotConfigDelivery 测试目标频道后尝试 updateBotConfig","THEN 返回明确字段错误或缺失 Discord 权限，mayApply=false 且 validationToken=null，不调用持久化写入且当前配置和版本保持不变","BOT-CONFIG-DESIGN-§3.1; BOT-CONFIG-DESIGN-§5; BOT-CONFIG-DESIGN-§8","API_CONTRACT"
"AT-CFG-006","P0_BLOCKER","E2E","BOT_CONFIG","修改必须先预览再确认应用","FX-GUILD; FX-STAFF-L3; FX-BOT","GIVEN L3 已选择一个有效运营配置新值且当前版本未变化","WHEN Bot 调用 validateBotConfigChange 后展示旧值、新值、警告和错误","THEN 选择或预览不会生效；校验通过返回绑定 actor、Guild、版本、规范化变更和原因的短期 validationToken，只有操作者点击确认应用并携带有效 Token 才可调用 updateBotConfig；缺失、过期、内容不符、取消或超时均不保存","BOT-CONFIG-DESIGN-§4; BOT-CONFIG-DESIGN-§9","E2E_DISCORD_API"
"AT-CFG-007","P0_BLOCKER","API","BOT_CONFIG","配置版本冲突不覆盖新值","FX-GUILD; FX-STAFF-L3; FX-STAFF-L4-A","GIVEN L3 与 L4 通过 getBotConfig 读取同一 expectedVersion，L4 已先完成一次 updateBotConfig","WHEN L3 使用旧 expectedVersion 和旧 validationToken 确认另一项修改","THEN API 返回 409 CONFIG_VERSION_CONFLICT，不覆盖 L4 的较新配置；调用方重新读取、重新预览并取得新 Token 后才能提交","BOT-CONFIG-DESIGN-§5-6; ACCESS-02","API_CONCURRENCY"
"AT-CFG-008","P0_BLOCKER","API","BOT_CONFIG","配置变更追加完整审计事件","FX-GUILD; FX-STAFF-L3; FX-BOT","GIVEN L3 对有效运营字段完成预览并填写修改原因","WHEN updateBotConfig 成功提交变更","THEN 追加一条不可硬删除的配置事件，包含 Guild、前后版本、changes、previous_values、reason、actor_staff_id、source、时间和审计引用","BOT-CONFIG-DESIGN-§2; BOT-CONFIG-DESIGN-§5-6; SPEC-12.1","API_AUDIT_ASSERTION"
"AT-CFG-009","P0_HIGH","E2E","BOT_CONFIG","Bot 重启后从 API 重载当前配置","FX-GUILD; FX-STAFF-L3; FX-BOT","GIVEN updateBotConfig 已保存新频道并提交配置事件，旧 Bot 进程缓存仍可被丢弃","WHEN Bot 重启或模块重新加载并调用 getBotConfig","THEN 新进程以 API 当前版本重建缓存和 /bot-config 展示，不依赖进程内旧值且不回滚已保存配置","BOT-CONFIG-DESIGN-§4; BOT-CONFIG-DESIGN-§8-9","E2E_RESTART_RECOVERY"
"AT-CFG-010","P0_BLOCKER","E2E","BOT_CONFIG","配置交互保持 ephemeral 隐私","FX-GUILD; FX-STAFF-L1; FX-STAFF-L3; FX-BOT","GIVEN L3 在 Guild 中执行 /bot-config 且另一名成员可查看同一频道","WHEN getBotConfig 返回当前配置、预览、权限错误或保存结果","THEN 所有配置内容与组件均为仅操作者可见的 ephemeral 响应；其他成员不能读取或操作 custom_id，会话数据不包含完整配置或权限事实","BOT-CONFIG-DESIGN-§4; BOT-CONFIG-DESIGN-§7; BOT-CONFIG-DESIGN-§9","E2E_PRIVACY_SCAN"
